Mutation_in_alignment,Mutation_in_genome,Substitution,Branch
C8T,C10049T,C[C>T]A,ERR2659153
T23C,T45656C,G[T>C]T,ERR2659153
T25C,T47212C,T[T>C]G,ERR2659153
C28T,C50198T,A[C>T]C,ERR2659153
T32G,T65351G,G[T>G]T,ERR2659153
C52A,C104060A,C[C>A]G,ERR2659153
C56T,C126100T,T[C>T]G,ERR2659153
C68A,C170513A,C[C>A]G,ERR2659153
C82T,C209401T,G[C>T]A,ERR2659153
C92T,C235370T,G[C>T]T,ERR2659153
C97G,C253677G,C[C>G]T,ERR2659153
T105C,T269658C,C[T>C]C,ERR2659153
C140T,C324631T,G[C>T]G,ERR2659153
T159C,T337472C,T[T>C]G,ERR2659153
C179T,C343189T,G[C>T]T,ERR2659153
C187G,C350838G,G[C>G]C,ERR2659153
T189C,T353750C,G[T>C]C,ERR2659153
C214T,C382803T,T[C>T]A,ERR2659153
C219T,C392716T,A[C>T]G,ERR2659153
T241C,T441012C,C[T>C]A,ERR2659153
T255C,T472330C,G[T>C]T,ERR2659153
C261A,C485087A,C[C>A]G,ERR2659153
T262C,T486352C,A[T>C]C,ERR2659153
T272C,T508845C,T[T>C]A,ERR2659153
C290T,C552146T,A[C>T]C,ERR2659153
T310C,T589031C,A[T>C]T,ERR2659153
T328A,T621198A,G[T>A]C,ERR2659153
T329C,T622810C,G[T>C]A,ERR2659153
C330T,C624282T,T[C>T]T,ERR2659153
T333G,T627290G,G[T>G]T,ERR2659153
C341T,C633976T,G[C>T]T,ERR2659153
C365T,C698691T,A[C>T]G,ERR2659153
C371G,C714576G,A[C>G]A,ERR2659153
C386T,C747857T,A[C>T]C,ERR2659153
T398C,T778683C,C[T>C]C,ERR2659153
T401C,T783365C,G[T>C]C,ERR2659153
C410T,C807308T,C[C>T]G,ERR2659153
C419A,C825981A,C[C>A]G,ERR2659153
T424G,T845587G,A[T>G]C,ERR2659153
C439G,C888368G,C[C>G]C,ERR2659153
C453A,C911217A,C[C>A]G,ERR2659153
C462T,C931279T,G[C>T]G,ERR2659153
C466T,C946788T,G[C>T]C,ERR2659153
C475A,C982966A,C[C>A]G,ERR2659153
C494T,C1024523T,G[C>T]A,ERR2659153
C496T,C1031674T,G[C>T]C,ERR2659153
T499C,T1039816C,T[T>C]G,ERR2659153
T519C,T1115440C,A[T>C]C,ERR2659153
C522T,C1127829T,T[C>T]C,ERR2659153
T552A,T1193906A,G[T>A]C,ERR2659153
C562A,C1218964A,A[C>A]G,ERR2659153
T565C,T1223503C,G[T>C]C,ERR2659153
C568T,C1229675T,C[C>T]T,ERR2659153
T570G,T1238337G,C[T>G]C,ERR2659153
C606G,C1294665G,C[C>G]C,ERR2659153
T616A,T1307514A,A[T>A]C,ERR2659153
C642T,C1384142T,C[C>T]T,ERR2659153
T658C,T1440255C,A[T>C]A,ERR2659153
C674G,C1471502G,C[C>G]G,ERR2659153
C679T,C1478229T,T[C>T]C,ERR2659153
C692G,C1495894G,T[C>G]G,ERR2659153
C694T,C1496497T,T[C>T]A,ERR2659153
C700T,C1512266T,C[C>T]G,ERR2659153
T701G,T1513073G,G[T>G]T,ERR2659153
C719A,C1552762A,T[C>A]G,ERR2659153
C724T,C1567095T,T[C>T]G,ERR2659153
C730A,C1586021A,G[C>A]G,ERR2659153
C738T,C1616125T,C[C>T]A,ERR2659153
C739T,C1617919T,C[C>T]G,ERR2659153
C746T,C1629959T,A[C>T]C,ERR2659153
C747T,C1630251T,A[C>T]T,ERR2659153
C758T,C1666665T,G[C>T]G,ERR2659153
C759A,C1668967A,G[C>A]T,ERR2659153
C785T,C1733390T,C[C>T]G,ERR2659153
T811C,T1788700C,T[T>C]C,ERR2659153
C813T,C1794668T,G[C>T]A,ERR2659153
C816G,C1800012G,G[C>G]T,ERR2659153
C818T,C1806943T,G[C>T]G,ERR2659153
C824T,C1824013T,C[C>T]A,ERR2659153
C860T,C1914520T,T[C>T]G,ERR2659153
C870T,C1924822T,G[C>T]G,ERR2659153
T877C,T1935919C,G[T>C]A,ERR2659153
C879T,C1940169T,A[C>T]G,ERR2659153
T882G,T1944754G,C[T>G]G,ERR2659153
C906G,C1986555G,C[C>G]G,ERR2659153
C920T,C2032414T,T[C>T]C,ERR2659153
T957C,T2097362C,C[T>C]G,ERR2659153
T962C,T2103735C,A[T>C]C,ERR2659153
C963T,C2104598T,G[C>T]C,ERR2659153
C965A,C2113517A,G[C>A]G,ERR2659153
T970A,T2118057A,G[T>A]G,ERR2659153
C973G,C2121489G,C[C>G]A,ERR2659153
C975T,C2122159T,G[C>T]G,ERR2659153
C981A,C2130719A,G[C>A]G,ERR2659153
C982A,C2134992A,A[C>A]C,ERR2659153
T985C,T2138925C,G[T>C]A,ERR2659153
C1001A,C2174266A,C[C>A]G,ERR2659153
C1006T,C2184708T,G[C>T]G,ERR2659153
C1022A,C2209752A,C[C>A]A,ERR2659153
C1041T,C2254416T,G[C>T]G,ERR2659153
T1050G,T2275727G,G[T>G]T,ERR2659153
T1092C,T2361596C,C[T>C]T,ERR2659153
C1133T,C2431243T,A[C>T]C,ERR2659153
C1151G,C2473414G,T[C>G]C,ERR2659153
C1156T,C2486737T,T[C>T]C,ERR2659153
C1157T,C2486811T,G[C>T]G,ERR2659153
C1179T,C2525396T,C[C>T]G,ERR2659153
C1181T,C2527110T,C[C>T]G,ERR2659153
C1200T,C2586003T,G[C>T]G,ERR2659153
T1201C,T2594035C,G[T>C]G,ERR2659153
C1202G,C2594145G,A[C>G]C,ERR2659153
T1206G,T2609162G,A[T>G]C,ERR2659153
T1207A,T2613349A,C[T>A]G,ERR2659153
T1223G,T2654905G,C[T>G]C,ERR2659153
C1255T,C2707112T,C[C>T]G,ERR2659153
T1259G,T2723403G,T[T>G]C,ERR2659153
C1285G,C2765493G,C[C>G]T,ERR2659153
C1288T,C2770531T,G[C>T]C,ERR2659153
C1304T,C2788341T,G[C>T]G,ERR2659153
T1315C,T2806227C,G[T>C]T,ERR2659153
C1334T,C2871284T,G[C>T]C,ERR2659153
C1390T,C2989177T,A[C>T]C,ERR2659153
C1395A,C3008031A,G[C>A]C,ERR2659153
C1419A,C3056841A,T[C>A]A,ERR2659153
C1422A,C3060345A,A[C>A]T,ERR2659153
C1423T,C3062181T,G[C>T]G,ERR2659153
C1436T,C3101762T,A[C>T]G,ERR2659153
C1457A,C3122293A,G[C>A]G,ERR2659153
C1473T,C3150676T,G[C>T]G,ERR2659153
C1480G,C3164475G,T[C>G]A,ERR2659153
T1481C,T3165056C,A[T>C]A,ERR2659153
C1497T,C3202852T,T[C>T]A,ERR2659153
C1499A,C3203713A,C[C>A]G,ERR2659153
T1508C,T3220657C,A[T>C]C,ERR2659153
T1547A,T3313080A,C[T>A]G,ERR2659153
T1553G,T3322454G,T[T>G]T,ERR2659153
C1556A,C3335048A,A[C>A]C,ERR2659153
T1564C,T3354651C,G[T>C]C,ERR2659153
C1569T,C3362310T,A[C>T]G,ERR2659153
C1624T,C3512660T,C[C>T]G,ERR2659153
C1625T,C3512767T,C[C>T]T,ERR2659153
T1630G,T3519168G,C[T>G]T,ERR2659153
T1633C,T3521790C,G[T>C]C,ERR2659153
C1634A,C3522488A,T[C>A]G,ERR2659153
T1657C,T3565829C,A[T>C]G,ERR2659153
C1663T,C3574127T,C[C>T]G,ERR2659153
C1668T,C3585714T,C[C>T]A,ERR2659153
C1672G,C3588146G,A[C>G]T,ERR2659153
C1684T,C3609076T,T[C>T]G,ERR2659153
C1686A,C3613685A,T[C>A]C,ERR2659153
C1695T,C3636575T,G[C>T]G,ERR2659153
C1709G,C3661058G,G[C>G]T,ERR2659153
T1717G,T3689592G,G[T>G]C,ERR2659153
T1720G,T3694895G,C[T>G]C,ERR2659153
C1722G,C3701596G,A[C>G]G,ERR2659153
C1726G,C3707277G,A[C>G]C,ERR2659153
T1758G,T3781034G,C[T>G]C,ERR2659153
T1780C,T3810020C,C[T>C]G,ERR2659153
C1807T,C3877535T,A[C>T]A,ERR2659153
C1824G,C3904898G,G[C>G]G,ERR2659153
C1853T,C3962637T,T[C>T]G,ERR2659153
T1859G,T3980843G,T[T>G]C,ERR2659153
T1862C,T3983515C,G[T>C]G,ERR2659153
T1864C,T3988143C,C[T>C]A,ERR2659153
C1865A,C3994133A,G[C>A]G,ERR2659153
C1866T,C3994871T,C[C>T]T,ERR2659153
C1896T,C4058736T,T[C>T]T,ERR2659153
T1909C,T4088159C,C[T>C]G,ERR2659153
T1930C,T4124418C,T[T>C]C,ERR2659153
C1935T,C4141751T,G[C>T]G,ERR2659153
C1943G,C4165179G,A[C>G]C,ERR2659153
T1948C,T4167988C,A[T>C]G,ERR2659153
C1954T,C4180408T,A[C>T]T,ERR2659153
C1976T,C4214972T,A[C>T]T,ERR2659153
T1977C,T4215014C,A[T>C]G,ERR2659153
T1997C,T4241561C,T[T>C]C,ERR2659153
C2013T,C4275266T,G[C>T]G,ERR2659153
T391G,T765261G,G[T>G]C,NODE_0000002
T1096G,T2366190G,A[T>G]A,NODE_0000002
C6T,C8842T,A[C>T]G,SRR5642714
C11G,C12465G,G[C>G]G,SRR5642714
C16T,C28089T,C[C>T]G,SRR5642714
T44G,T90982G,C[T>G]C,SRR5642714
T71G,T185091G,G[T>G]T,SRR5642714
T109C,T284190C,G[T>C]C,SRR5642714
T128A,T312240A,C[T>A]G,SRR5642714
C141T,C326236T,C[C>T]A,SRR5642714
C148T,C330074T,G[C>T]G,SRR5642714
C149T,C330079T,T[C>T]G,SRR5642714
C152T,C331011T,T[C>T]G,SRR5642714
C186G,C347734G,T[C>G]A,SRR5642714
C194T,C361346T,C[C>T]G,SRR5642714
C206T,C374299T,A[C>T]G,SRR5642714
T222A,T398333A,T[T>A]T,SRR5642714
C230T,C414787T,G[C>T]G,SRR5642714
C235G,C421663G,A[C>G]C,SRR5642714
C243A,C444805A,G[C>A]A,SRR5642714
C254G,C468603G,A[C>G]C,SRR5642714
C295T,C563879T,A[C>T]T,SRR5642714
C298T,C568650T,T[C>T]C,SRR5642714
T334C,T627960C,T[T>C]G,SRR5642714
C340A,C633816A,G[C>A]C,SRR5642714
C372T,C718331T,T[C>T]G,SRR5642714
C392G,C766311G,G[C>G]G,SRR5642714
T405C,T798949C,T[T>C]C,SRR5642714
T421C,T832265C,G[T>C]C,SRR5642714
C428T,C849963T,G[C>T]G,SRR5642714
T442G,T893975G,A[T>G]C,SRR5642714
T469C,T956567C,A[T>C]C,SRR5642714
C546T,C1179887T,C[C>T]G,SRR5642714
T547A,T1183430A,C[T>A]T,SRR5642714
C549T,C1189204T,T[C>T]C,SRR5642714
T550C,T1190761C,G[T>C]T,SRR5642714
T567C,T1229620C,G[T>C]C,SRR5642714
T574C,T1243420C,C[T>C]A,SRR5642714
T577C,T1245683C,G[T>C]T,SRR5642714
C589T,C1263221T,G[C>T]C,SRR5642714
T592C,T1265638C,T[T>C]T,SRR5642714
C612T,C1305241T,G[C>T]G,SRR5642714
C630T,C1344830T,C[C>T]G,SRR5642714
C638T,C1372118T,G[C>T]G,SRR5642714
C641T,C1380798T,T[C>T]T,SRR5642714
C657T,C1424773T,G[C>T]G,SRR5642714
C676T,C1472996T,A[C>T]G,SRR5642714
C703G,C1513587G,C[C>G]C,SRR5642714
T710G,T1533131G,A[T>G]T,SRR5642714
T725C,T1568764C,G[T>C]C,SRR5642714
C753T,C1651710T,C[C>T]G,SRR5642714
T781C,T1717598C,G[T>C]T,SRR5642714
C793T,C1747264T,T[C>T]G,SRR5642714
C802A,C1767041A,C[C>A]G,SRR5642714
C805A,C1774664A,T[C>A]G,SRR5642714
C806G,C1777068G,G[C>G]G,SRR5642714
T808C,T1780220C,G[T>C]C,SRR5642714
C822A,C1821906A,G[C>A]G,SRR5642714
T839C,T1857861C,G[T>C]G,SRR5642714
C841T,C1864968T,C[C>T]G,SRR5642714
C852T,C1896546T,C[C>T]G,SRR5642714
C863T,C1918156T,A[C>T]G,SRR5642714
C876T,C1935867T,A[C>T]G,SRR5642714
T883G,T1944936G,C[T>G]C,SRR5642714
C892T,C1957761T,A[C>T]C,SRR5642714
C910G,C1998174G,T[C>G]C,SRR5642714
T922C,T2033345C,A[T>C]C,SRR5642714
T949G,T2084843G,G[T>G]C,SRR5642714
C951A,C2086835A,C[C>A]C,SRR5642714
C969T,C2115405T,C[C>T]C,SRR5642714
T1008C,T2187990C,C[T>C]T,SRR5642714
C1017G,C2203432G,C[C>G]C,SRR5642714
C1083T,C2336500T,T[C>T]A,SRR5642714
C1099A,C2368050A,A[C>A]G,SRR5642714
C1112T,C2389879T,G[C>T]G,SRR5642714
C1115T,C2397459T,A[C>T]T,SRR5642714
C1127T,C2423260T,C[C>T]G,SRR5642714
C1140T,C2447265T,C[C>T]T,SRR5642714
C1143T,C2454526T,A[C>T]T,SRR5642714
C1155T,C2485001T,C[C>T]T,SRR5642714
T1194C,T2566262C,T[T>C]C,SRR5642714
C1196T,C2570469T,G[C>T]T,SRR5642714
C1210A,C2623930A,A[C>A]G,SRR5642714
T1215C,T2632414C,G[T>C]C,SRR5642714
T1224C,T2657111C,G[T>C]C,SRR5642714
T1227C,T2669296C,A[T>C]C,SRR5642714
T1239C,T2684784C,C[T>C]G,SRR5642714
C1249G,C2700616G,C[C>G]G,SRR5642714
T1252G,T2703608G,G[T>G]C,SRR5642714
C1280T,C2761822T,C[C>T]C,SRR5642714
C1284T,C2765069T,C[C>T]G,SRR5642714
C1290T,C2771033T,C[C>T]T,SRR5642714
C1335T,C2875587T,T[C>T]G,SRR5642714
T1338A,T2882463A,G[T>A]G,SRR5642714
T1344C,T2890320C,A[T>C]G,SRR5642714
T1400A,T3021780A,T[T>A]A,SRR5642714
C1411T,C3038385T,T[C>T]G,SRR5642714
C1421T,C3057916T,G[C>T]G,SRR5642714
C1426T,C3071384T,C[C>T]T,SRR5642714
T1440C,T3105774C,G[T>C]C,SRR5642714
C1461G,C3130777G,C[C>G]C,SRR5642714
T1491G,T3182846G,C[T>G]G,SRR5642714
T1511C,T3222651C,G[T>C]T,SRR5642714
C1521T,C3233556T,T[C>T]T,SRR5642714
C1530T,C3259314T,C[C>T]A,SRR5642714
T1531C,T3261851C,G[T>C]T,SRR5642714
C1543A,C3308046A,G[C>A]C,SRR5642714
C1549T,C3314996T,C[C>T]A,SRR5642714
T1584C,T3406042C,G[T>C]G,SRR5642714
C1622T,C3511851T,C[C>T]C,SRR5642714
T1643C,T3547842C,A[T>C]A,SRR5642714
C1650T,C3550750T,T[C>T]C,SRR5642714
C1654T,C3559327T,G[C>T]C,SRR5642714
C1679T,C3605337T,T[C>T]C,SRR5642714
T1681A,T3606382A,T[T>A]C,SRR5642714
C1698T,C3640304T,C[C>T]G,SRR5642714
C1710T,C3664688T,G[C>T]C,SRR5642714
C1725T,C3704273T,C[C>T]G,SRR5642714
T1730C,T3725750C,T[T>C]C,SRR5642714
C1741A,C3747879A,A[C>A]C,SRR5642714
C1754T,C3774661T,A[C>T]A,SRR5642714
C1792A,C3831673A,G[C>A]C,SRR5642714
C1802T,C3864100T,C[C>T]G,SRR5642714
C1863G,C3987238G,A[C>G]T,SRR5642714
C1867T,C4000292T,G[C>T]C,SRR5642714
C1884T,C4032796T,G[C>T]C,SRR5642714
C1887T,C4039427T,T[C>T]G,SRR5642714
T1899C,T4062605C,G[T>C]A,SRR5642714
T1912C,T4091768C,A[T>C]G,SRR5642714
C1927G,C4122127G,G[C>G]C,SRR5642714
C1939A,C4157073A,G[C>A]T,SRR5642714
C1968T,C4200883T,C[C>T]C,SRR5642714
C1969T,C4201081T,C[C>T]A,SRR5642714
C1970T,C4202448T,G[C>T]C,SRR5642714
C1980T,C4222172T,C[C>T]G,SRR5642714
C2021T,C4276555T,T[C>T]G,SRR5642714
T14C,T21218C,G[T>C]C,NODE_0000004
C19T,C28479T,C[C>T]A,NODE_0000004
C39T,C81560T,A[C>T]C,NODE_0000004
C66T,C158282T,G[C>T]C,NODE_0000004
C100G,C256323G,G[C>G]G,NODE_0000004
T112C,T294008C,A[T>C]A,NODE_0000004
T118C,T300476C,G[T>C]C,NODE_0000004
C142T,C326474T,G[C>T]G,NODE_0000004
C145T,C327696T,G[C>T]C,NODE_0000004
C153T,C331585T,G[C>T]C,NODE_0000004
T161G,T337859G,A[T>G]G,NODE_0000004
C177T,C343092T,A[C>T]C,NODE_0000004
C190T,C354274T,C[C>T]T,NODE_0000004
T203C,T369383C,C[T>C]C,NODE_0000004
T204C,T372477C,T[T>C]G,NODE_0000004
T221C,T396766C,T[T>C]G,NODE_0000004
C239G,C434745G,C[C>G]G,NODE_0000004
C327T,C620616T,T[C>T]G,NODE_0000004
T342C,T644335C,C[T>C]T,NODE_0000004
C343T,C646098T,T[C>T]G,NODE_0000004
T346G,T656102G,G[T>G]G,NODE_0000004
T360C,T686899C,G[T>C]G,NODE_0000004
C361A,C690419A,C[C>A]T,NODE_0000004
T388C,T755400C,T[T>C]G,NODE_0000004
C402T,C787386T,G[C>T]C,NODE_0000004
C408T,C802736T,G[C>T]G,NODE_0000004
T440C,T891727C,T[T>C]C,NODE_0000004
C470G,C961177G,A[C>G]G,NODE_0000004
C488T,C1003793T,G[C>T]G,NODE_0000004
C504T,C1050589T,G[C>T]G,NODE_0000004
C509A,C1073587A,T[C>A]C,NODE_0000004
C516T,C1108624T,A[C>T]G,NODE_0000004
T529C,T1137829C,G[T>C]T,NODE_0000004
C580T,C1251340T,G[C>T]A,NODE_0000004
C626A,C1335794A,G[C>A]G,NODE_0000004
C628T,C1338195T,G[C>T]C,NODE_0000004
C651G,C1401747G,A[C>G]A,NODE_0000004
C660T,C1446358T,A[C>T]G,NODE_0000004
T683C,T1481839C,G[T>C]T,NODE_0000004
T687C,T1491171C,C[T>C]G,NODE_0000004
C705T,C1518389T,A[C>T]A,NODE_0000004
C741T,C1619730T,G[C>T]G,NODE_0000004
T757G,T1666201G,G[T>G]C,NODE_0000004
T763G,T1682467G,T[T>G]C,NODE_0000004
C795G,C1749503G,C[C>G]T,NODE_0000004
T858C,T1909299C,A[T>C]C,NODE_0000004
T874C,T1932966C,G[T>C]A,NODE_0000004
C878T,C1937238T,C[C>T]T,NODE_0000004
C886T,C1947877T,T[C>T]C,NODE_0000004
T899G,T1973728G,C[T>G]G,NODE_0000004
C921T,C2032423T,C[C>T]T,NODE_0000004
T923C,T2036128C,G[T>C]C,NODE_0000004
C947T,C2082978T,T[C>T]A,NODE_0000004
T978C,T2127944C,G[T>C]C,NODE_0000004
T984C,T2138051C,C[T>C]T,NODE_0000004
T990C,T2156820C,G[T>C]A,NODE_0000004
C993G,C2165056G,G[C>G]T,NODE_0000004
T1005C,T2183695C,G[T>C]T,NODE_0000004
T1061C,T2291638C,G[T>C]C,NODE_0000004
T1070G,T2311206G,C[T>G]G,NODE_0000004
C1071G,C2312286G,T[C>G]T,NODE_0000004
T1076C,T2324430C,T[T>C]G,NODE_0000004
C1088T,C2348815T,G[C>T]A,NODE_0000004
T1121C,T2411179C,G[T>C]T,NODE_0000004
C1138T,C2434525T,A[C>T]C,NODE_0000004
C1139T,C2444221T,C[C>T]G,NODE_0000004
C1162A,C2501185A,C[C>A]C,NODE_0000004
C1166T,C2510371T,C[C>T]G,NODE_0000004
C1171A,C2517829A,C[C>A]C,NODE_0000004
C1175T,C2523041T,A[C>T]C,NODE_0000004
C1180T,C2526608T,C[C>T]A,NODE_0000004
C1191T,C2562127T,C[C>T]G,NODE_0000004
C1261T,C2727412T,C[C>T]T,NODE_0000004
C1271G,C2746879G,C[C>G]C,NODE_0000004
C1297A,C2785173A,G[C>A]C,NODE_0000004
C1298T,C2785500T,A[C>T]C,NODE_0000004
C1301A,C2786955A,G[C>A]C,NODE_0000004
T1365C,T2933871C,A[T>C]C,NODE_0000004
T1389C,T2987533C,A[T>C]C,NODE_0000004
T1498C,T3202902C,G[T>C]T,NODE_0000004
C1510A,C3221761A,C[C>A]G,NODE_0000004
C1517T,C3229645T,G[C>T]G,NODE_0000004
C1580G,C3395942G,C[C>G]C,NODE_0000004
T1585G,T3407023G,A[T>G]A,NODE_0000004
T1586G,T3407398G,C[T>G]A,NODE_0000004
T1612G,T3478029G,G[T>G]C,NODE_0000004
C1666A,C3579518A,G[C>A]G,NODE_0000004
T1676C,T3599966C,A[T>C]G,NODE_0000004
T1699C,T3642148C,G[T>C]C,NODE_0000004
T1703C,T3647831C,T[T>C]C,NODE_0000004
C1712G,C3672106G,C[C>G]C,NODE_0000004
T1738C,T3741847C,C[T>C]G,NODE_0000004
T1755C,T3774943C,G[T>C]C,NODE_0000004
C1761T,C3784848T,G[C>T]A,NODE_0000004
C1766T,C3787691T,C[C>T]C,NODE_0000004
C1767T,C3787699T,C[C>T]T,NODE_0000004
C1768T,C3787703T,G[C>T]G,NODE_0000004
C1771T,C3791137T,G[C>T]G,NODE_0000004
C1784T,C3815920T,G[C>T]A,NODE_0000004
C1810T,C3881791T,T[C>T]A,NODE_0000004
C1829T,C3910954T,T[C>T]T,NODE_0000004
T1847C,T3945968C,G[T>C]G,NODE_0000004
C1852T,C3957096T,T[C>T]G,NODE_0000004
C1881G,C4030994G,G[C>G]C,NODE_0000004
T1892C,T4053751C,T[T>C]C,NODE_0000004
C1904T,C4078991T,G[C>T]C,NODE_0000004
C1907T,C4084661T,C[C>T]G,NODE_0000004
C1920T,C4105803T,G[C>T]T,NODE_0000004
C1924T,C4115211T,G[C>T]T,NODE_0000004
T1931G,T4128829G,G[T>G]G,NODE_0000004
T1956C,T4184564C,G[T>C]G,NODE_0000004
C1971T,C4203071T,A[C>T]C,NODE_0000004
C1992T,C4235998T,A[C>T]T,NODE_0000004
C1993T,C4237353T,G[C>T]A,NODE_0000004
T2014C,T4275353C,T[T>C]A,NODE_0000004
T2032G,T4291841G,G[T>G]T,NODE_0000004
C88G,C224445G,C[C>G]G,SRR5642718
C95T,C250186T,C[C>T]G,SRR5642718
C314T,C598543T,T[C>T]C,SRR5642718
C358T,C685719T,A[C>T]G,SRR5642718
C404T,C795402T,T[C>T]G,SRR5642718
C430G,C863633G,C[C>G]G,SRR5642718
C432T,C868533T,C[C>T]C,SRR5642718
T461C,T930808C,G[T>C]C,SRR5642718
T483G,T996650G,C[T>G]G,SRR5642718
T513C,T1088824C,T[T>C]C,SRR5642718
T540C,T1167411C,G[T>C]C,SRR5642718
T617C,T1310288C,G[T>C]T,SRR5642718
C677T,C1473208T,C[C>T]G,SRR5642718
T684G,T1483437G,A[T>G]C,SRR5642718
C686G,C1486824G,A[C>G]T,SRR5642718
C706T,C1521528T,G[C>T]C,SRR5642718
C728A,C1581601A,G[C>A]G,SRR5642718
C732T,C1600002T,C[C>T]G,SRR5642718
C826T,C1828066T,T[C>T]G,SRR5642718
C898G,C1971987G,G[C>G]A,SRR5642718
C989T,C2156040T,C[C>T]G,SRR5642718
C1003G,C2176058G,G[C>G]T,SRR5642718
C1055T,C2287276T,G[C>T]G,SRR5642718
C1079T,C2328370T,A[C>T]C,SRR5642718
C1164G,C2506760G,C[C>G]C,SRR5642718
C1189T,C2555132T,C[C>T]G,SRR5642718
T1283C,T2764688C,G[T>C]T,SRR5642718
T1405C,T3033950C,G[T>C]C,SRR5642718
T1438G,T3105180G,G[T>G]C,SRR5642718
C1450T,C3113612T,A[C>T]C,SRR5642718
T1489C,T3180279C,G[T>C]G,SRR5642718
T1504C,T3213275C,G[T>C]G,SRR5642718
C1560T,C3347254T,A[C>T]A,SRR5642718
T1601C,T3454141C,G[T>C]T,SRR5642718
C1608T,C3463216T,C[C>T]C,SRR5642718
C1787T,C3818731T,T[C>T]T,SRR5642718
T1797C,T3847158C,G[T>C]C,SRR5642718
T1811C,T3882201C,T[T>C]C,SRR5642718
C1813T,C3888379T,G[C>T]C,SRR5642718
C1967T,C4200813T,C[C>T]G,SRR5642718
C2033G,C4291875G,C[C>G]G,SRR5642718
T59C,T139477C,G[T>C]C,SRR5642713
C98T,C253978T,G[C>T]T,SRR5642713
C167T,C339741T,G[C>T]C,SRR5642713
C247A,C459833A,T[C>A]A,SRR5642713
T248C,T461433C,C[T>C]T,SRR5642713
T491C,T1020333C,T[T>C]A,SRR5642713
T680C,T1480209C,A[T>C]C,SRR5642713
T787G,T1736081G,T[T>G]C,SRR5642713
T803C,T1768646C,G[T>C]C,SRR5642713
C842T,C1870705T,C[C>T]C,SRR5642713
C900G,C1974033G,C[C>G]G,SRR5642713
T904G,T1977093G,C[T>G]C,SRR5642713
T913G,T2014424G,A[T>G]A,SRR5642713
C974A,C2122056A,C[C>A]C,SRR5642713
C994T,C2166059T,C[C>T]G,SRR5642713
T1046C,T2261521C,A[T>C]G,SRR5642713
T1093C,T2362835C,A[T>C]G,SRR5642713
C1144T,C2456077T,C[C>T]G,SRR5642713
C1159T,C2489313T,G[C>T]G,SRR5642713
C1208T,C2617480T,G[C>T]C,SRR5642713
T1267G,T2738588G,C[T>G]T,SRR5642713
C1274T,C2752398T,G[C>T]G,SRR5642713
T1278C,T2760402C,G[T>C]T,SRR5642713
T1311C,T2800193C,A[T>C]T,SRR5642713
C1322T,C2820809T,T[C>T]G,SRR5642713
C1382T,C2970236T,A[C>T]G,SRR5642713
T1470G,T3148748G,C[T>G]G,SRR5642713
C1477T,C3156641T,C[C>T]A,SRR5642713
T1479C,T3164294C,T[T>C]C,SRR5642713
C1512T,C3222993T,G[C>T]G,SRR5642713
T1575C,T3377129C,A[T>C]C,SRR5642713
C1592T,C3426218T,C[C>T]A,SRR5642713
C1605G,C3457023G,C[C>G]G,SRR5642713
C1649T,C3550164T,C[C>T]G,SRR5642713
C1653T,C3555344T,C[C>T]C,SRR5642713
T1673G,T3588418G,G[T>G]T,SRR5642713
C1701G,C3645021G,T[C>G]G,SRR5642713
T1733C,T3736500C,G[T>C]C,SRR5642713
C1743T,C3751940T,T[C>T]G,SRR5642713
T1760G,T3783523G,C[T>G]C,SRR5642713
T1783C,T3815298C,G[T>C]G,SRR5642713
C1825T,C3906115T,G[C>T]G,SRR5642713
C1850T,C3953865T,G[C>T]G,SRR5642713
C1854T,C3963397T,C[C>T]C,SRR5642713
C1886A,C4037264A,T[C>A]G,SRR5642713
T1888C,T4045950C,C[T>C]C,SRR5642713
C1952T,C4175512T,G[C>T]T,SRR5642713
C1982T,C4223299T,G[C>T]C,SRR5642713
T34C,T69313C,A[T>C]G,NODE_0000005
C326G,C618116G,C[C>G]G,NODE_0000005
T413C,T814712C,G[T>C]C,NODE_0000005
C13T,C20037T,C[C>T]G,ERR2659154
C15T,C21495T,C[C>T]G,ERR2659154
T49C,T101162C,G[T>C]T,ERR2659154
C53T,C119867T,C[C>T]A,ERR2659154
C54T,C123989T,C[C>T]G,ERR2659154
C75G,C200465G,T[C>G]T,ERR2659154
C78T,C208090T,A[C>T]G,ERR2659154
C85T,C212825T,G[C>T]G,ERR2659154
C91T,C233664T,A[C>T]T,ERR2659154
T110G,T290210G,G[T>G]C,ERR2659154
C119T,C302852T,G[C>T]G,ERR2659154
C151T,C330534T,T[C>T]C,ERR2659154
C154T,C332786T,G[C>T]C,ERR2659154
C163T,C338591T,G[C>T]G,ERR2659154
T169A,T340546A,A[T>A]C,ERR2659154
C173G,C341710G,G[C>G]G,ERR2659154
C176T,C343076T,G[C>T]G,ERR2659154
C289T,C549650T,C[C>T]A,ERR2659154
C301G,C574412G,T[C>G]G,ERR2659154
C303T,C579819T,T[C>T]A,ERR2659154
C356G,C680561G,T[C>G]A,ERR2659154
C373A,C718954A,T[C>A]T,ERR2659154
T375C,T723402C,G[T>C]T,ERR2659154
C399G,C778800G,A[C>G]G,ERR2659154
T414C,T816759C,G[T>C]C,ERR2659154
T426G,T847700G,T[T>G]T,ERR2659154
C468T,C950346T,G[C>T]G,ERR2659154
T506C,T1063465C,A[T>C]G,ERR2659154
T535C,T1150189C,A[T>C]G,ERR2659154
C545G,C1177703G,C[C>G]G,ERR2659154
C597A,C1273523A,C[C>A]G,ERR2659154
C607T,C1295901T,C[C>T]A,ERR2659154
C627A,C1336491A,T[C>A]T,ERR2659154
C635T,C1357191T,C[C>T]G,ERR2659154
C639T,C1377045T,T[C>T]G,ERR2659154
C648T,C1393448T,T[C>T]G,ERR2659154
C655G,C1420302G,A[C>G]C,ERR2659154
T659C,T1445685C,G[T>C]C,ERR2659154
C667T,C1455152T,G[C>T]C,ERR2659154
C688T,C1491457T,A[C>T]T,ERR2659154
C690G,C1494946G,C[C>G]G,ERR2659154
T715C,T1542728C,T[T>C]A,ERR2659154
T782C,T1719873C,A[T>C]T,ERR2659154
T814G,T1795367G,A[T>G]T,ERR2659154
C832G,C1840087G,G[C>G]C,ERR2659154
T838A,T1857284A,G[T>A]C,ERR2659154
C865T,C1920663T,A[C>T]A,ERR2659154
C901T,C1974644T,C[C>T]G,ERR2659154
C902T,C1974999T,T[C>T]C,ERR2659154
T903C,T1975433C,A[T>C]T,ERR2659154
T912C,T2002214C,G[T>C]C,ERR2659154
C916T,C2023276T,G[C>T]C,ERR2659154
T968C,T2115389C,T[T>C]A,ERR2659154
C988T,C2150205T,C[C>T]G,ERR2659154
C991G,C2160004G,C[C>G]A,ERR2659154
C1021T,C2209584T,A[C>T]A,ERR2659154
C1033G,C2233528G,C[C>G]A,ERR2659154
C1049A,C2272627A,C[C>A]G,ERR2659154
C1052T,C2280396T,G[C>T]A,ERR2659154
C1081T,C2336082T,G[C>T]C,ERR2659154
C1091T,C2356229T,G[C>T]G,ERR2659154
C1114G,C2396174G,T[C>G]C,ERR2659154
C1124T,C2414707T,G[C>T]G,ERR2659154
T1199G,T2583177G,G[T>G]C,ERR2659154
C1226G,C2664759G,C[C>G]C,ERR2659154
T1228G,T2670863G,C[T>G]T,ERR2659154
C1238T,C2682701T,T[C>T]A,ERR2659154
C1272G,C2748664G,C[C>G]T,ERR2659154
C1273G,C2751885G,C[C>G]G,ERR2659154
C1282T,C2764204T,T[C>T]G,ERR2659154
C1286A,C2767010A,C[C>A]G,ERR2659154
C1287A,C2767032A,A[C>A]T,ERR2659154
C1310T,C2799946T,A[C>T]G,ERR2659154
T1323C,T2825604C,G[T>C]C,ERR2659154
C1327A,C2849546A,A[C>A]C,ERR2659154
C1328T,C2854084T,G[C>T]A,ERR2659154
C1329T,C2854509T,G[C>T]G,ERR2659154
C1341T,C2884795T,A[C>T]T,ERR2659154
T1345G,T2890521G,G[T>G]C,ERR2659154
C1361T,C2925171T,G[C>T]T,ERR2659154
T1368G,T2937790G,C[T>G]G,ERR2659154
C1384T,C2970947T,A[C>T]A,ERR2659154
C1392T,C3001357T,G[C>T]G,ERR2659154
T1404G,T3032562G,G[T>G]T,ERR2659154
C1410T,C3038150T,G[C>T]C,ERR2659154
C1412T,C3039790T,G[C>T]C,ERR2659154
C1439T,C3105662T,G[C>T]G,ERR2659154
T1444C,T3109941C,G[T>C]G,ERR2659154
C1445A,C3109944A,G[C>A]A,ERR2659154
C1446A,C3109947A,T[C>A]A,ERR2659154
C1466T,C3133908T,G[C>T]G,ERR2659154
C1483T,C3167196T,C[C>T]A,ERR2659154
T1496C,T3201210C,G[T>C]G,ERR2659154
C1568T,C3361921T,G[C>T]C,ERR2659154
T1582G,T3399629G,C[T>G]C,ERR2659154
T1665C,T3579467C,G[T>C]C,ERR2659154
C1693T,C3632847T,T[C>T]G,ERR2659154
C1734T,C3736993T,C[C>T]G,ERR2659154
C1736G,C3740671G,A[C>G]C,ERR2659154
T1757C,T3780986C,G[T>C]C,ERR2659154
T1762C,T3785207C,G[T>C]T,ERR2659154
T1816C,T3894508C,G[T>C]A,ERR2659154
C1845G,C3944855G,T[C>G]C,ERR2659154
T1878C,T4023362C,G[T>C]T,ERR2659154
T1882G,T4032060G,G[T>G]C,ERR2659154
T1883C,T4032280C,A[T>C]G,ERR2659154
T1908C,T4086853C,G[T>C]T,ERR2659154
C1913G,C4093279G,C[C>G]A,ERR2659154
C1928T,C4123440T,C[C>T]G,ERR2659154
C1937G,C4154340G,T[C>G]G,ERR2659154
C1988G,C4233659G,A[C>G]G,ERR2659154
T1990C,T4234615C,G[T>C]G,ERR2659154
C1995T,C4240940T,C[C>T]A,ERR2659154
C2000T,C4247316T,T[C>T]G,ERR2659154
C30T,C58008T,G[C>T]G,NODE_0000006
T1449C,T3111073C,T[T>C]A,NODE_0000006
C1G,C310G,G[C>G]C,SRR2101161
C67T,C159105T,G[C>T]G,SRR2101161
C89T,C228609T,C[C>T]A,SRR2101161
T90C,T229188C,G[T>C]C,SRR2101161
C108T,C275709T,A[C>T]A,SRR2101161
C120A,C304201A,T[C>A]T,SRR2101161
C129T,C312366T,G[C>T]C,SRR2101161
C175T,C342745T,G[C>T]T,SRR2101161
C182T,C343943T,G[C>T]G,SRR2101161
C188A,C351336A,G[C>A]A,SRR2101161
C220T,C396746T,C[C>T]T,SRR2101161
C244T,C450998T,A[C>T]G,SRR2101161
C276T,C524939T,T[C>T]G,SRR2101161
T282G,T537239G,C[T>G]C,SRR2101161
C288T,C549195T,C[C>T]A,SRR2101161
C323T,C614002T,G[C>T]G,SRR2101161
C336T,C629679T,C[C>T]G,SRR2101161
T345C,T654242C,G[T>C]C,SRR2101161
C348T,C661236T,G[C>T]G,SRR2101161
C366T,C701294T,G[C>T]C,SRR2101161
T369A,T708111A,T[T>A]C,SRR2101161
C383A,C740984A,G[C>A]G,SRR2101161
C457T,C921599T,G[C>T]C,SRR2101161
C486G,C997854G,C[C>G]C,SRR2101161
C490T,C1010100T,G[C>T]A,SRR2101161
T520G,T1116446G,A[T>G]G,SRR2101161
C523T,C1127850T,G[C>T]T,SRR2101161
C537T,C1161356T,C[C>T]G,SRR2101161
T576C,T1244085C,G[T>C]G,SRR2101161
C602G,C1286733G,T[C>G]C,SRR2101161
C633T,C1351837T,G[C>T]C,SRR2101161
C645T,C1390069T,G[C>T]G,SRR2101161
C649T,C1394619T,T[C>T]G,SRR2101161
C652T,C1406521T,C[C>T]C,SRR2101161
T653C,T1407297C,A[T>C]G,SRR2101161
T656C,T1423177C,G[T>C]C,SRR2101161
T691C,T1495309C,T[T>C]G,SRR2101161
T714C,T1538722C,T[T>C]C,SRR2101161
C762T,C1679656T,C[C>T]C,SRR2101161
C767T,C1691915T,A[C>T]C,SRR2101161
T768G,T1695990G,C[T>G]C,SRR2101161
C786T,C1734913T,A[C>T]A,SRR2101161
C789T,C1737539T,G[C>T]G,SRR2101161
T799C,T1763204C,G[T>C]G,SRR2101161
C849T,C1889335T,C[C>T]C,SRR2101161
C880A,C1940272A,G[C>A]G,SRR2101161
C918T,C2026483T,A[C>T]C,SRR2101161
C919T,C2030689T,G[C>T]T,SRR2101161
C934A,C2061477A,G[C>A]G,SRR2101161
C935T,C2062942T,A[C>T]G,SRR2101161
T941G,T2071175G,A[T>G]C,SRR2101161
C955G,C2093381G,G[C>G]A,SRR2101161
T972C,T2121318C,G[T>C]G,SRR2101161
C1015T,C2201808T,G[C>T]G,SRR2101161
T1016C,T2203233C,G[T>C]C,SRR2101161
T1020C,T2208217C,T[T>C]G,SRR2101161
C1036T,C2241417T,G[C>T]G,SRR2101161
C1084A,C2340362A,C[C>A]T,SRR2101161
C1134T,C2431401T,A[C>T]G,SRR2101161
T1149G,T2469050G,C[T>G]C,SRR2101161
T1150C,T2472734C,G[T>C]T,SRR2101161
C1160T,C2492943T,G[C>T]G,SRR2101161
C1170T,C2517473T,A[C>T]G,SRR2101161
C1172T,C2519236T,T[C>T]G,SRR2101161
T1173C,T2522173C,G[T>C]T,SRR2101161
C1186T,C2551098T,C[C>T]G,SRR2101161
C1198T,C2578776T,A[C>T]G,SRR2101161
C1212T,C2626953T,T[C>T]G,SRR2101161
T1258C,T2721326C,A[T>C]G,SRR2101161
C1269T,C2740258T,T[C>T]A,SRR2101161
C1277T,C2758284T,C[C>T]G,SRR2101161
T1281C,T2763589C,G[T>C]T,SRR2101161
C1321T,C2819833T,A[C>T]G,SRR2101161
C1324T,C2827711T,T[C>T]G,SRR2101161
C1331T,C2856803T,A[C>T]G,SRR2101161
C1333T,C2867228T,G[C>T]A,SRR2101161
T1342G,T2886091G,G[T>G]G,SRR2101161
C1364A,C2933147A,T[C>A]G,SRR2101161
C1399T,C3017802T,C[C>T]G,SRR2101161
T1409C,T3038142C,G[T>C]T,SRR2101161
T1451A,T3116012A,C[T>A]T,SRR2101161
C1501A,C3211901A,G[C>A]G,SRR2101161
C1513G,C3223499G,G[C>G]G,SRR2101161
C1514A,C3225807A,C[C>A]C,SRR2101161
T1516C,T3229345C,G[T>C]A,SRR2101161
C1535T,C3282384T,G[C>T]G,SRR2101161
C1555T,C3328769T,G[C>T]T,SRR2101161
C1574G,C3373067G,C[C>G]G,SRR2101161
C1583T,C3405078T,C[C>T]G,SRR2101161
C1597G,C3434548G,C[C>G]A,SRR2101161
C1614T,C3484122T,A[C>T]C,SRR2101161
C1616G,C3488315G,G[C>G]A,SRR2101161
C1617T,C3490082T,G[C>T]G,SRR2101161
T1618C,T3499073C,T[T>C]G,SRR2101161
C1629T,C3519108T,T[C>T]G,SRR2101161
C1641T,C3544099T,A[C>T]G,SRR2101161
C1642T,C3547463T,G[C>T]C,SRR2101161
T1655C,T3560535C,A[T>C]G,SRR2101161
C1660T,C3568282T,T[C>T]C,SRR2101161
C1683T,C3609026T,C[C>T]G,SRR2101161
T1715C,T3680638C,A[T>C]C,SRR2101161
C1721A,C3699378A,G[C>A]C,SRR2101161
T1749G,T3757213G,C[T>G]T,SRR2101161
C1773T,C3802359T,T[C>T]G,SRR2101161
C1782T,C3811466T,G[C>T]G,SRR2101161
C1790T,C3825296T,G[C>T]C,SRR2101161
C1803T,C3864658T,C[C>T]A,SRR2101161
T1806C,T3875219C,G[T>C]G,SRR2101161
T1835G,T3938154G,C[T>G]C,SRR2101161
T1844C,T3944638C,G[T>C]C,SRR2101161
C1851G,C3954371G,G[C>G]C,SRR2101161
C1857T,C3979764T,G[C>T]G,SRR2101161
C1869T,C4002925T,G[C>T]C,SRR2101161
C1873T,C4013345T,G[C>T]G,SRR2101161
T1890C,T4048516C,G[T>C]T,SRR2101161
C1942T,C4165025T,G[C>T]G,SRR2101161
T1947G,T4167932G,A[T>G]G,SRR2101161
T1957G,T4189110G,C[T>G]G,SRR2101161
C1974T,C4206907T,G[C>T]A,SRR2101161
C2028T,C4282583T,G[C>T]A,SRR2101161
T122G,T306194G,G[T>G]C,NODE_0000007
T233C,T419018C,G[T>C]C,NODE_0000007
C339T,C632395T,A[C>T]C,NODE_0000007
T780G,T1715798G,C[T>G]A,NODE_0000007
T823C,T1823979C,G[T>C]T,NODE_0000007
C836T,C1851000T,G[C>T]G,NODE_0000007
C1028T,C2222930T,T[C>T]G,NODE_0000007
C1063T,C2299611T,T[C>T]G,NODE_0000007
T1262G,T2728171G,A[T>G]C,NODE_0000007
C1524T,C3246320T,G[C>T]G,NODE_0000007
C1532T,C3265041T,T[C>T]G,NODE_0000007
T1572A,T3371410A,C[T>A]C,NODE_0000007
T1573C,T3371415C,G[T>C]G,NODE_0000007
C1609T,C3463479T,C[C>T]A,NODE_0000007
C1876T,C4019019T,G[C>T]C,NODE_0000007
C1921T,C4108382T,G[C>T]G,NODE_0000007
T2012G,T4275170G,G[T>G]T,NODE_0000007
C2027T,C4281377T,G[C>T]G,NODE_0000007
C2030G,C4287717G,C[C>G]C,NODE_0000007
T9C,T12013C,G[T>C]G,SRR5642716
C10T,C12432T,G[C>T]G,SRR5642716
C18T,C28319T,T[C>T]G,SRR5642716
T21G,T35951G,C[T>G]C,SRR5642716
T24C,T47145C,G[T>C]G,SRR5642716
C37A,C76592A,C[C>A]A,SRR5642716
C57T,C137450T,G[C>T]G,SRR5642716
C58G,C137881G,G[C>G]C,SRR5642716
C73T,C192849T,G[C>T]G,SRR5642716
C74T,C199285T,A[C>T]T,SRR5642716
T84C,T210574C,G[T>C]G,SRR5642716
T126C,T311302C,G[T>C]T,SRR5642716
C143T,C326962T,G[C>T]G,SRR5642716
T147C,T329915C,G[T>C]T,SRR5642716
C171T,C340936T,T[C>T]G,SRR5642716
T172C,T341295C,G[T>C]C,SRR5642716
C185G,C347044G,A[C>G]T,SRR5642716
C198T,C366226T,C[C>T]G,SRR5642716
T225C,T401130C,A[T>C]A,SRR5642716
C229T,C412144T,C[C>T]G,SRR5642716
C245T,C451457T,G[C>T]G,SRR5642716
T277C,T525183C,G[T>C]C,SRR5642716
C286G,C544734G,T[C>G]T,SRR5642716
C313G,C597567G,A[C>G]C,SRR5642716
C319T,C610480T,A[C>T]C,SRR5642716
T347C,T658011C,G[T>C]T,SRR5642716
C354T,C678056T,T[C>T]A,SRR5642716
C367A,C701779A,A[C>A]C,SRR5642716
T406A,T801267A,C[T>A]G,SRR5642716
C454T,C912152T,C[C>T]T,SRR5642716
T473C,T973348C,T[T>C]T,SRR5642716
C485T,C997850T,A[C>T]C,SRR5642716
C528G,C1137751G,G[C>G]G,SRR5642716
T556C,T1204653C,T[T>C]C,SRR5642716
T569A,T1237398A,C[T>A]T,SRR5642716
T582G,T1253698G,C[T>G]C,SRR5642716
C618T,C1315483T,C[C>T]C,SRR5642716
C632T,C1351505T,T[C>T]A,SRR5642716
C636A,C1363435A,G[C>A]C,SRR5642716
C640G,C1378799G,G[C>G]A,SRR5642716
C643T,C1385522T,G[C>T]T,SRR5642716
C733T,C1602323T,G[C>T]G,SRR5642716
T752C,T1645491C,G[T>C]T,SRR5642716
C775G,C1708421G,A[C>G]A,SRR5642716
C779T,C1715210T,C[C>T]G,SRR5642716
T783C,T1725480C,T[T>C]T,SRR5642716
T833C,T1840569C,C[T>C]G,SRR5642716
C897T,C1970173T,G[C>T]G,SRR5642716
C908T,C1991861T,C[C>T]G,SRR5642716
C911A,C1999990A,G[C>A]A,SRR5642716
C917T,C2024399T,C[C>T]A,SRR5642716
T928G,T2046741G,C[T>G]T,SRR5642716
C939T,C2068626T,C[C>T]G,SRR5642716
C940G,C2068928G,T[C>G]T,SRR5642716
C995A,C2168173A,G[C>A]G,SRR5642716
C1009T,C2188871T,T[C>T]C,SRR5642716
T1044C,T2261193C,G[T>C]C,SRR5642716
T1047A,T2262094A,G[T>A]A,SRR5642716
T1145C,T2458237C,A[T>C]C,SRR5642716
T1161C,T2501053C,A[T>C]A,SRR5642716
C1163G,C2503458G,G[C>G]A,SRR5642716
T1174C,T2522760C,G[T>C]C,SRR5642716
C1183T,C2531568T,T[C>T]A,SRR5642716
T1218C,T2637689C,G[T>C]T,SRR5642716
T1232C,T2680634C,A[T>C]C,SRR5642716
T1246C,T2692571C,T[T>C]C,SRR5642716
C1253T,C2706169T,G[C>T]G,SRR5642716
T1276C,T2757523C,G[T>C]T,SRR5642716
T1343C,T2888627C,A[T>C]A,SRR5642716
C1363T,C2930105T,A[C>T]C,SRR5642716
C1366T,C2937068T,G[C>T]C,SRR5642716
C1371A,C2946101A,G[C>A]G,SRR5642716
C1408T,C3036105T,C[C>T]A,SRR5642716
C1413T,C3040946T,G[C>T]T,SRR5642716
C1415T,C3045685T,C[C>T]G,SRR5642716
C1437A,C3101812A,G[C>A]G,SRR5642716
T1468C,T3137497C,G[T>C]G,SRR5642716
C1507T,C3218572T,T[C>T]C,SRR5642716
C1518T,C3230692T,T[C>T]G,SRR5642716
C1520T,C3233286T,A[C>T]G,SRR5642716
C1561T,C3350622T,C[C>T]A,SRR5642716
C1563A,C3352349A,G[C>A]A,SRR5642716
T1578G,T3392000G,T[T>G]C,SRR5642716
C1593T,C3430261T,C[C>T]A,SRR5642716
T1615C,T3486232C,G[T>C]C,SRR5642716
C1661T,C3569305T,A[C>T]G,SRR5642716
T1689A,T3617385A,C[T>A]T,SRR5642716
T1707A,T3656350A,T[T>A]C,SRR5642716
C1737T,C3740966T,G[C>T]G,SRR5642716
T1739C,T3742697C,G[T>C]A,SRR5642716
C1745T,C3753717T,G[C>T]G,SRR5642716
C1748T,C3756796T,C[C>T]T,SRR5642716
C1814T,C3890347T,C[C>T]G,SRR5642716
C1817T,C3896495T,G[C>T]C,SRR5642716
T1820C,T3900380C,A[T>C]C,SRR5642716
C1836T,C3938556T,A[C>T]G,SRR5642716
C1842T,C3942394T,A[C>T]C,SRR5642716
T1868A,T4002420A,C[T>A]G,SRR5642716
T1894G,T4054115G,G[T>G]C,SRR5642716
T1897C,T4059216C,G[T>C]C,SRR5642716
C1978T,C4218539T,G[C>T]C,SRR5642716
C1983T,C4224881T,G[C>T]G,SRR5642716
T1994C,T4237763C,A[T>C]T,SRR5642716
C2004T,C4260294T,C[C>T]G,SRR5642716
C2026T,C4279063T,C[C>T]A,SRR5642716
C94T,C242335T,C[C>T]C,NODE_0000008
C463T,C932583T,T[C>T]G,NODE_0000008
C723G,C1560694G,C[C>G]C,NODE_0000008
T976C,T2123266C,C[T>C]G,NODE_0000008
C1167T,C2511081T,A[C>T]G,NODE_0000008
C1169T,C2514336T,T[C>T]G,NODE_0000008
T1472C,T3150519C,G[T>C]T,NODE_0000008
C7T,C9635T,G[C>T]G,SRR2101291
C17T,C28098T,C[C>T]A,SRR2101291
T43C,T90072C,C[T>C]C,SRR2101291
C83G,C209518G,C[C>G]A,SRR2101291
T96C,T252133C,G[T>C]C,SRR2101291
C101G,C256621G,G[C>G]G,SRR2101291
C102G,C258487G,A[C>G]G,SRR2101291
C106T,C273222T,C[C>T]G,SRR2101291
C131G,C313491G,C[C>G]G,SRR2101291
C212T,C380137T,T[C>T]C,SRR2101291
T240A,T436668A,G[T>A]C,SRR2101291
T252A,T467870A,T[T>A]C,SRR2101291
C294T,C558466T,G[C>T]G,SRR2101291
C302A,C578720A,T[C>A]C,SRR2101291
C344T,C646992T,G[C>T]C,SRR2101291
C352T,C675353T,C[C>T]G,SRR2101291
T353C,T675577C,T[T>C]C,SRR2101291
T364C,T695820C,C[T>C]G,SRR2101291
T418C,T823499C,G[T>C]T,SRR2101291
C437T,C879171T,G[C>T]A,SRR2101291
C450G,C905649G,A[C>G]C,SRR2101291
C458T,C927150T,C[C>T]A,SRR2101291
T464C,T943926C,A[T>C]C,SRR2101291
T493C,T1022449C,A[T>C]G,SRR2101291
C511G,C1085341G,C[C>G]G,SRR2101291
C512T,C1085402T,G[C>T]C,SRR2101291
T588C,T1262676C,A[T>C]C,SRR2101291
T595C,T1267116C,A[T>C]C,SRR2101291
C614T,C1305679T,T[C>T]C,SRR2101291
T682C,T1481813C,A[T>C]C,SRR2101291
C685T,C1485918T,G[C>T]G,SRR2101291
T708C,T1527288C,G[T>C]C,SRR2101291
C731G,C1595293G,T[C>G]G,SRR2101291
C740T,C1619352T,T[C>T]G,SRR2101291
T756C,T1661047C,C[T>C]C,SRR2101291
C773T,C1704464T,C[C>T]G,SRR2101291
C794G,C1749059G,T[C>G]A,SRR2101291
C828T,C1833900T,G[C>T]G,SRR2101291
C834T,C1841141T,G[C>T]T,SRR2101291
C844T,C1874588T,C[C>T]T,SRR2101291
T871C,T1928216C,G[T>C]C,SRR2101291
C944T,C2075851T,G[C>T]A,SRR2101291
C964T,C2112713T,G[C>T]G,SRR2101291
T986C,T2143769C,A[T>C]C,SRR2101291
C1048T,C2269066T,C[C>T]C,SRR2101291
C1057A,C2287998A,A[C>A]A,SRR2101291
C1118T,C2400493T,C[C>T]A,SRR2101291
C1188T,C2553845T,G[C>T]T,SRR2101291
C1222T,C2653889T,G[C>T]T,SRR2101291
C1230G,C2674090G,G[C>G]A,SRR2101291
C1254T,C2706435T,G[C>T]A,SRR2101291
C1256T,C2717709T,C[C>T]A,SRR2101291
T1266C,T2737995C,T[T>C]G,SRR2101291
C1296T,C2782050T,T[C>T]G,SRR2101291
C1306A,C2792044A,T[C>A]G,SRR2101291
C1355T,C2910656T,G[C>T]C,SRR2101291
C1358T,C2917254T,T[C>T]A,SRR2101291
C1377G,C2959552G,G[C>G]A,SRR2101291
T1385G,T2972348G,G[T>G]C,SRR2101291
T1397A,T3012509A,C[T>A]A,SRR2101291
C1402T,C3027678T,C[C>T]G,SRR2101291
C1420G,C3056957G,G[C>G]C,SRR2101291
T1429C,T3079840C,G[T>C]G,SRR2101291
C1430G,C3080569G,G[C>G]A,SRR2101291
T1441G,T3106225G,G[T>G]T,SRR2101291
C1454T,C3118221T,G[C>T]A,SRR2101291
C1469T,C3148486T,G[C>T]T,SRR2101291
C1478G,C3156839G,G[C>G]A,SRR2101291
C1486T,C3171679T,T[C>T]G,SRR2101291
T1522G,T3235071G,C[T>G]G,SRR2101291
T1550A,T3316854A,C[T>A]T,SRR2101291
C1599T,C3448440T,A[C>T]A,SRR2101291
C1610T,C3468927T,T[C>T]G,SRR2101291
T1627C,T3518433C,G[T>C]C,SRR2101291
T1631C,T3520473C,A[T>C]G,SRR2101291
T1671C,T3588051C,T[T>C]A,SRR2101291
C1682A,C3607066A,G[C>A]C,SRR2101291
C1691T,C3622567T,C[C>T]A,SRR2101291
T1777C,T3807736C,G[T>C]T,SRR2101291
C1789T,C3822270T,C[C>T]G,SRR2101291
C1819G,C3899897G,T[C>G]T,SRR2101291
T1870C,T4009198C,G[T>C]G,SRR2101291
C1874T,C4015613T,T[C>T]G,SRR2101291
C1877A,C4021906A,G[C>A]A,SRR2101291
C1926T,C4121591T,G[C>T]A,SRR2101291
T1991C,T4235044C,T[T>C]A,SRR2101291
C2007T,C4266952T,A[C>T]C,SRR2101291
C209G,C377916G,A[C>G]C,NODE_0000010
C1059T,C2289734T,A[C>T]T,NODE_0000010
C1102T,C2375337T,C[C>T]G,NODE_0000010
C1109T,C2385930T,G[C>T]T,NODE_0000010
C36T,C74223T,G[C>T]C,SRR5642712
C76T,C202085T,C[C>T]A,SRR5642712
C87G,C221940G,A[C>G]G,SRR5642712
C104T,C264949T,G[C>T]C,SRR5642712
T113G,T294299G,T[T>G]C,SRR5642712
T138C,T321944C,A[T>C]T,SRR5642712
C168T,C339897T,G[C>T]C,SRR5642712
C178G,C343127G,T[C>G]G,SRR5642712
C193G,C360785G,T[C>G]G,SRR5642712
C200T,C367481T,C[C>T]C,SRR5642712
C226T,C404316T,C[C>T]A,SRR5642712
C242T,C442273T,G[C>T]G,SRR5642712
T271C,T505755C,G[T>C]G,SRR5642712
T281G,T536647G,A[T>G]C,SRR5642712
C300G,C574120G,C[C>G]G,SRR5642712
C316T,C604674T,T[C>T]G,SRR5642712
C337G,C629779G,G[C>G]C,SRR5642712
C370T,C710060T,G[C>T]C,SRR5642712
T387G,T752959G,G[T>G]T,SRR5642712
C448T,C902466T,C[C>T]T,SRR5642712
C477A,C984727A,T[C>A]G,SRR5642712
C533T,C1150036T,C[C>T]G,SRR5642712
T534C,T1150177C,G[T>C]C,SRR5642712
T539C,T1165579C,A[T>C]T,SRR5642712
T559G,T1212995G,G[T>G]T,SRR5642712
C573T,C1242941T,G[C>T]C,SRR5642712
C590T,C1263552T,A[C>T]C,SRR5642712
C615A,C1306686A,C[C>A]G,SRR5642712
T623C,T1319325C,G[T>C]C,SRR5642712
C624T,C1319480T,C[C>T]G,SRR5642712
C625G,C1333148G,G[C>G]G,SRR5642712
T646C,T1390998C,T[T>C]C,SRR5642712
T665C,T1452688C,G[T>C]G,SRR5642712
C704T,C1517754T,C[C>T]C,SRR5642712
C737T,C1615232T,C[C>T]A,SRR5642712
C743T,C1624004T,C[C>T]G,SRR5642712
T796C,T1749504C,C[T>C]A,SRR5642712
C810T,C1786576T,G[C>T]C,SRR5642712
T851G,T1896172G,A[T>G]C,SRR5642712
C862T,C1917648T,A[C>T]C,SRR5642712
T864C,T1919252C,G[T>C]C,SRR5642712
C881G,C1940402G,C[C>G]T,SRR5642712
C905T,C1977378T,A[C>T]C,SRR5642712
T952C,T2088514C,A[T>C]T,SRR5642712
C953G,C2089819G,A[C>G]G,SRR5642712
T967C,T2115068C,G[T>C]T,SRR5642712
T980C,T2130017C,G[T>C]C,SRR5642712
T985C,T2138925C,G[T>C]A,SRR5642712
C1054T,C2286087T,A[C>T]C,SRR5642712
C1077T,C2326471T,G[C>T]G,SRR5642712
C1087A,C2345090A,G[C>A]C,SRR5642712
C1177G,C2524123G,T[C>G]G,SRR5642712
C1185T,C2550522T,T[C>T]A,SRR5642712
C1203T,C2596868T,G[C>T]G,SRR5642712
C1211T,C2626848T,G[C>T]G,SRR5642712
T1247G,T2698484G,G[T>G]C,SRR5642712
T1263C,T2731118C,A[T>C]G,SRR5642712
T1264C,T2735109C,A[T>C]C,SRR5642712
C1316T,C2811122T,C[C>T]G,SRR5642712
C1330A,C2856386A,C[C>A]A,SRR5642712
T1347C,T2897060C,T[T>C]A,SRR5642712
C1353T,C2908836T,T[C>T]C,SRR5642712
C1359T,C2918016T,G[C>T]A,SRR5642712
C1369T,C2939206T,G[C>T]T,SRR5642712
C1381G,C2967108G,A[C>G]C,SRR5642712
C1394A,C3007774A,G[C>A]G,SRR5642712
C1398A,C3013217A,C[C>A]G,SRR5642712
T1452C,T3116244C,A[T>C]C,SRR5642712
C1503G,C3213155G,A[C>G]A,SRR5642712
C1525T,C3246444T,G[C>T]A,SRR5642712
C1546T,C3311172T,G[C>T]C,SRR5642712
C1577G,C3386443G,C[C>G]A,SRR5642712
C1640G,C3539075G,C[C>G]G,SRR5642712
C1678T,C3603810T,G[C>T]T,SRR5642712
C1694T,C3632983T,G[C>T]G,SRR5642712
C1711T,C3664997T,A[C>T]G,SRR5642712
C1713T,C3674199T,G[C>T]G,SRR5642712
T1728A,T3718899A,C[T>A]C,SRR5642712
T1739C,T3742697C,G[T>C]A,SRR5642712
C1793A,C3832447A,T[C>A]A,SRR5642712
C1812T,C3886542T,C[C>T]A,SRR5642712
T1872C,T4012760C,G[T>C]T,SRR5642712
T1889C,T4047206C,G[T>C]T,SRR5642712
C1898T,C4059395T,C[C>T]G,SRR5642712
C1917T,C4100476T,C[C>T]A,SRR5642712
C1941T,C4161958T,C[C>T]A,SRR5642712
T1951G,T4171337G,G[T>G]T,SRR5642712
C1966A,C4200454A,C[C>A]C,SRR5642712
T1973C,T4204430C,G[T>C]G,SRR5642712
C1989G,C4234421G,T[C>G]A,SRR5642712
T1999A,T4246499A,C[T>A]T,SRR5642712
C2022T,C4277995T,C[C>T]G,SRR5642712
T63C,T147451C,A[T>C]A,SRR5642711
C125T,C311161T,G[C>T]G,SRR5642711
C133T,C313745T,T[C>T]C,SRR5642711
T136C,T318318C,G[T>C]A,SRR5642711
C170G,C340720G,C[C>G]T,SRR5642711
T183G,T345742G,C[T>G]G,SRR5642711
T197C,T365358C,G[T>C]A,SRR5642711
C210T,C378704T,A[C>T]G,SRR5642711
T224G,T400174G,A[T>G]C,SRR5642711
C227A,C404380A,C[C>A]G,SRR5642711
T256C,T477056C,G[T>C]G,SRR5642711
C263T,C487542T,T[C>T]G,SRR5642711
T265C,T489694C,C[T>C]T,SRR5642711
C283T,C540093T,C[C>T]A,SRR5642711
T285C,T544705C,G[T>C]C,SRR5642711
C307T,C582168T,C[C>T]A,SRR5642711
T320G,T612818G,C[T>G]A,SRR5642711
C363A,C695677A,G[C>A]G,SRR5642711
T381G,T737319G,G[T>G]C,SRR5642711
C427T,C849902T,A[C>T]C,SRR5642711
C452T,C907633T,C[C>T]G,SRR5642711
C471G,C962430G,T[C>G]G,SRR5642711
T484C,T996991C,G[T>C]C,SRR5642711
C487T,C1003760T,T[C>T]G,SRR5642711
T492C,T1020421C,G[T>C]A,SRR5642711
C500T,C1041375T,G[C>T]C,SRR5642711
C507T,C1063574T,G[C>T]G,SRR5642711
C508T,C1063997T,G[C>T]C,SRR5642711
T544C,T1172784C,T[T>C]C,SRR5642711
C554T,C1199896T,A[C>T]G,SRR5642711
T561C,T1214035C,C[T>C]G,SRR5642711
C586G,C1260226G,G[C>G]C,SRR5642711
C613T,C1305668T,T[C>T]A,SRR5642711
C647A,C1393398A,G[C>A]G,SRR5642711
C713T,C1536716T,T[C>T]A,SRR5642711
C726T,C1570408T,G[C>T]G,SRR5642711
C745G,C1628764G,C[C>G]G,SRR5642711
C750T,C1635136T,C[C>T]C,SRR5642711
T788G,T1736371G,G[T>G]A,SRR5642711
C801T,C1765757T,G[C>T]T,SRR5642711
C829T,C1836507T,T[C>T]A,SRR5642711
C843T,C1872477T,A[C>T]C,SRR5642711
C857G,C1906917G,C[C>G]C,SRR5642711
C873T,C1931075T,A[C>T]A,SRR5642711
C966T,C2114119T,G[C>T]C,SRR5642711
T1004C,T2176385C,G[T>C]C,SRR5642711
T1019C,T2206293C,G[T>C]C,SRR5642711
T1062C,T2295368C,G[T>C]G,SRR5642711
T1069C,T2309814C,G[T>C]G,SRR5642711
C1074T,C2319008T,G[C>T]C,SRR5642711
C1082G,C2336140G,A[C>G]A,SRR5642711
T1090G,T2350718G,C[T>G]C,SRR5642711
T1095C,T2364343C,A[T>C]C,SRR5642711
C1113T,C2390242T,A[C>T]A,SRR5642711
C1126T,C2419877T,A[C>T]A,SRR5642711
T1135C,T2432033C,G[T>C]C,SRR5642711
T1190C,T2555375C,C[T>C]A,SRR5642711
T1242G,T2688145G,C[T>G]G,SRR5642711
T1268C,T2738981C,G[T>C]C,SRR5642711
T1289C,T2770636C,C[T>C]C,SRR5642711
C1300T,C2786474T,C[C>T]G,SRR5642711
C1314T,C2804905T,C[C>T]A,SRR5642711
T1317C,T2814092C,C[T>C]T,SRR5642711
C1356G,C2911965G,T[C>G]G,SRR5642711
C1424G,C3062758G,G[C>G]C,SRR5642711
C1435T,C3095179T,C[C>T]G,SRR5642711
T1452C,T3116244C,A[T>C]C,SRR5642711
T1456G,T3122188G,T[T>G]C,SRR5642711
C1459G,C3130507G,G[C>G]T,SRR5642711
C1463T,C3132237T,C[C>T]C,SRR5642711
T1475G,T3152764G,G[T>G]C,SRR5642711
C1485T,C3171297T,C[C>T]G,SRR5642711
T1551C,T3317106C,C[T>C]C,SRR5642711
C1567T,C3360561T,G[C>T]G,SRR5642711
C1680A,C3605809A,G[C>A]A,SRR5642711
T1685C,T3609918C,A[T>C]A,SRR5642711
T1778C,T3808116C,G[T>C]C,SRR5642711
C1795T,C3845153T,G[C>T]T,SRR5642711
C1799T,C3849789T,C[C>T]G,SRR5642711
T1910G,T4090842G,C[T>G]T,SRR5642711
C1946A,C4167639A,A[C>A]C,SRR5642711
C1950T,C4169271T,C[C>T]T,SRR5642711
T1953C,T4178450C,T[T>C]C,SRR5642711
C1958T,C4190531T,C[C>T]G,SRR5642711
T1979C,T4219881C,C[T>C]G,SRR5642711
C1998T,C4242355T,G[C>T]T,SRR5642711
T2031C,T4289330C,G[T>C]T,SRR5642711
C377A,C730234A,A[C>A]C,NODE_0000011
C1014T,C2196634T,C[C>T]A,NODE_0000011
C1027T,C2221631T,C[C>T]C,NODE_0000011
C1372T,C2949542T,A[C>T]G,NODE_0000011
C1494T,C3196469T,G[C>T]G,NODE_0000011
T1600C,T3451224C,T[T>C]C,NODE_0000011
C2G,C670G,G[C>G]C,SRR2101222
T3G,T672G,C[T>G]T,SRR2101222
C22T,C36560T,G[C>T]G,SRR2101222
C27T,C49452T,T[C>T]G,SRR2101222
T40C,T84134C,C[T>C]A,SRR2101222
C47A,C96611A,A[C>A]C,SRR2101222
C64A,C155463A,A[C>A]A,SRR2101222
C65T,C157834T,T[C>T]A,SRR2101222
T99C,T256080C,T[T>C]G,SRR2101222
T103C,T263079C,C[T>C]C,SRR2101222
C115G,C295031G,G[C>G]C,SRR2101222
C124T,C310693T,T[C>T]G,SRR2101222
C130A,C312434A,G[C>A]G,SRR2101222
C146G,C328858G,T[C>G]A,SRR2101222
C156T,C335022T,C[C>T]G,SRR2101222
C158T,C336191T,G[C>T]G,SRR2101222
C165T,C339107T,G[C>T]G,SRR2101222
C192T,C357683T,G[C>T]T,SRR2101222
C213T,C380402T,C[C>T]G,SRR2101222
C264T,C489449T,T[C>T]G,SRR2101222
T308C,T585713C,T[T>C]T,SRR2101222
C309T,C585816T,C[C>T]G,SRR2101222
C362G,C693199G,C[C>G]G,SRR2101222
C376A,C724554A,G[C>A]A,SRR2101222
C407T,C802089T,G[C>T]C,SRR2101222
T412G,T811866G,G[T>G]C,SRR2101222
C444T,C898380T,C[C>T]T,SRR2101222
C482T,C994938T,C[C>T]T,SRR2101222
C502T,C1044361T,G[C>T]T,SRR2101222
C510T,C1085110T,G[C>T]T,SRR2101222
T514C,T1097812C,T[T>C]T,SRR2101222
C538T,C1164673T,T[C>T]T,SRR2101222
T543C,T1170535C,G[T>C]C,SRR2101222
C558T,C1209496T,C[C>T]G,SRR2101222
C566A,C1226364A,T[C>A]G,SRR2101222
T603C,T1293294C,G[T>C]T,SRR2101222
T634C,T1354768C,C[T>C]T,SRR2101222
T650C,T1396807C,G[T>C]G,SRR2101222
T666G,T1454705G,G[T>G]C,SRR2101222
T669C,T1458351C,G[T>C]A,SRR2101222
C681G,C1480354G,G[C>G]G,SRR2101222
C727T,C1577275T,T[C>T]A,SRR2101222
T769C,T1696447C,G[T>C]G,SRR2101222
C798A,C1753763A,G[C>A]G,SRR2101222
C809A,C1783683A,G[C>A]C,SRR2101222
C817T,C1804026T,A[C>T]G,SRR2101222
C845A,C1875464A,G[C>A]A,SRR2101222
T848C,T1886195C,A[T>C]C,SRR2101222
C853T,C1902253T,G[C>T]A,SRR2101222
C885T,C1947350T,T[C>T]G,SRR2101222
C893A,C1960624A,T[C>A]G,SRR2101222
C894T,C1962544T,A[C>T]G,SRR2101222
T936C,T2063001C,C[T>C]G,SRR2101222
C942T,C2071315T,T[C>T]G,SRR2101222
C960T,C2098968T,G[C>T]A,SRR2101222
C977T,C2127569T,G[C>T]G,SRR2101222
C979G,C2129556G,C[C>G]C,SRR2101222
C998T,C2171808T,C[C>T]G,SRR2101222
T1018C,T2204215C,G[T>C]G,SRR2101222
C1032A,C2231384A,G[C>A]G,SRR2101222
T1075G,T2324151G,G[T>G]C,SRR2101222
C1080T,C2332235T,A[C>T]G,SRR2101222
C1085T,C2341401T,T[C>T]G,SRR2101222
C1101T,C2370228T,C[C>T]C,SRR2101222
C1122T,C2412327T,C[C>T]G,SRR2101222
T1123C,T2413883C,T[T>C]G,SRR2101222
C1130T,C2427197T,C[C>T]C,SRR2101222
T1158C,T2487800C,A[T>C]T,SRR2101222
C1184G,C2533514G,C[C>G]G,SRR2101222
C1204A,C2599513A,G[C>A]G,SRR2101222
C1205T,C2608885T,C[C>T]A,SRR2101222
T1214C,T2631872C,A[T>C]C,SRR2101222
C1229T,C2670902T,T[C>T]G,SRR2101222
T1235C,T2682235C,G[T>C]T,SRR2101222
C1241T,C2686810T,G[C>T]G,SRR2101222
T1243C,T2690007C,G[T>C]C,SRR2101222
C1309A,C2793790A,C[C>A]G,SRR2101222
T1360A,T2920562A,G[T>A]T,SRR2101222
T1375C,T2956316C,G[T>C]T,SRR2101222
C1393T,C3002634T,T[C>T]G,SRR2101222
C1407T,C3035278T,T[C>T]G,SRR2101222
C1418T,C3054426T,G[C>T]G,SRR2101222
C1464T,C3132330T,A[C>T]G,SRR2101222
T1467A,T3136108A,C[T>A]A,SRR2101222
C1476G,C3155824G,A[C>G]G,SRR2101222
C1509T,C3221598T,G[C>T]G,SRR2101222
C1562T,C3350851T,A[C>T]G,SRR2101222
C1602T,C3455188T,C[C>T]G,SRR2101222
T1606C,T3459180C,G[T>C]C,SRR2101222
C1611T,C3471013T,C[C>T]A,SRR2101222
C1659T,C3566868T,T[C>T]A,SRR2101222
C1677G,C3603619G,A[C>G]G,SRR2101222
C1696T,C3637211T,A[C>T]C,SRR2101222
C1704T,C3651498T,G[C>T]C,SRR2101222
T1708C,T3659080C,G[T>C]C,SRR2101222
T1723C,T3703413C,T[T>C]T,SRR2101222
C1731T,C3733725T,C[C>T]A,SRR2101222
C1740G,C3747865G,C[C>G]G,SRR2101222
T1832G,T3914495G,G[T>G]T,SRR2101222
C1834T,C3929503T,G[C>T]G,SRR2101222
C1841T,C3941263T,G[C>T]G,SRR2101222
C1855T,C3968247T,G[C>T]A,SRR2101222
T1875C,T4017122C,T[T>C]A,SRR2101222
C1891T,C4051330T,C[C>T]A,SRR2101222
C1915T,C4096870T,C[C>T]G,SRR2101222
C1919G,C4104280G,C[C>G]C,SRR2101222
C1944T,C4166485T,A[C>T]T,SRR2101222
C1985T,C4229633T,G[C>T]C,SRR2101222
T2001C,T4248170C,G[T>C]T,SRR2101222
C2018G,C4276196G,A[C>G]C,SRR2101222
C2019T,C4276245T,C[C>T]G,SRR2101222
T2023C,T4278102C,G[T>C]T,SRR2101222
C2029G,C4285575G,G[C>G]G,SRR2101222
C93G,C241741G,A[C>G]C,NODE_0000012
T207C,T376728C,T[T>C]A,NODE_0000012
T306C,T580830C,G[T>C]G,NODE_0000012
C382T,C740844T,G[C>T]G,NODE_0000012
T478A,T988929A,T[T>A]G,NODE_0000012
C531T,C1138545T,A[C>T]A,NODE_0000012
T583C,T1256679C,T[T>C]A,NODE_0000012
C772A,C1704105A,A[C>A]G,NODE_0000012
T1107C,T2380693C,C[T>C]G,NODE_0000012
T1116C,T2397956C,G[T>C]G,NODE_0000012
T1153G,T2475766G,C[T>G]G,NODE_0000012
T1566C,T3359677C,A[T>C]C,NODE_0000012
C1652T,C3553953T,T[C>T]G,NODE_0000012
C1675G,C3597465G,G[C>G]C,NODE_0000012
C1705T,C3654525T,A[C>T]G,NODE_0000012
T1763C,T3786938C,A[T>C]G,NODE_0000012
C1856A,C3974143A,T[C>A]G,NODE_0000012
C1918T,C4100587T,G[C>T]A,NODE_0000012
T33C,T67446C,C[T>C]A,SRR5642715
C35T,C71032T,C[C>T]G,SRR5642715
C48T,C97991T,G[C>T]A,SRR5642715
C69A,C171619A,T[C>A]A,SRR5642715
C139G,C324320G,A[C>G]G,SRR5642715
C201A,C369063A,G[C>A]G,SRR5642715
C211G,C379240G,G[C>G]A,SRR5642715
C232T,C417078T,C[C>T]T,SRR5642715
T236C,T425806C,T[T>C]G,SRR5642715
C251A,C465751A,A[C>A]G,SRR5642715
C267G,C496161G,G[C>G]A,SRR5642715
C280T,C534516T,A[C>T]C,SRR5642715
C331T,C624379T,C[C>T]G,SRR5642715
C385T,C743723T,C[C>T]G,SRR5642715
C395A,C772408A,G[C>A]T,SRR5642715
C420T,C828349T,T[C>T]T,SRR5642715
C441A,C892867A,C[C>A]A,SRR5642715
C495T,C1027633T,G[C>T]A,SRR5642715
C498G,C1038127G,G[C>G]C,SRR5642715
T501A,T1044358A,C[T>A]T,SRR5642715
C560T,C1213929T,A[C>T]C,SRR5642715
C579G,C1248366G,G[C>G]A,SRR5642715
C581T,C1253443T,G[C>T]G,SRR5642715
C591T,C1265281T,A[C>T]T,SRR5642715
C610T,C1298740T,C[C>T]G,SRR5642715
C620T,C1316297T,C[C>T]G,SRR5642715
C662G,C1448718G,C[C>G]G,SRR5642715
C670T,C1460366T,A[C>T]C,SRR5642715
C675T,C1472798T,A[C>T]G,SRR5642715
T711C,T1533643C,C[T>C]G,SRR5642715
C721A,C1556206A,A[C>A]C,SRR5642715
T736C,T1612738C,T[T>C]T,SRR5642715
C766T,C1690221T,G[C>T]G,SRR5642715
C815A,C1796843A,G[C>A]A,SRR5642715
T847C,T1878846C,G[T>C]G,SRR5642715
C856T,C1902586T,G[C>T]G,SRR5642715
C867T,C1921580T,C[C>T]G,SRR5642715
C887T,C1948574T,C[C>T]C,SRR5642715
C907T,C1988422T,A[C>T]G,SRR5642715
C915T,C2020923T,G[C>T]G,SRR5642715
C950T,C2085470T,T[C>T]G,SRR5642715
C1000T,C2173290T,T[C>T]G,SRR5642715
C1012T,C2194024T,C[C>T]G,SRR5642715
C1013G,C2194659G,C[C>G]G,SRR5642715
C1025T,C2214155T,C[C>T]T,SRR5642715
C1035A,C2240498A,A[C>A]G,SRR5642715
C1037T,C2246930T,A[C>T]C,SRR5642715
C1097T,C2366844T,G[C>T]C,SRR5642715
C1128T,C2423402T,C[C>T]G,SRR5642715
T1147C,T2463502C,A[T>C]C,SRR5642715
C1192G,C2565031G,C[C>G]A,SRR5642715
C1245T,C2692035T,C[C>T]C,SRR5642715
C1257T,C2719219T,C[C>T]G,SRR5642715
C1303T,C2787565T,C[C>T]T,SRR5642715
C1320T,C2819793T,G[C>T]G,SRR5642715
C1348T,C2899788T,C[C>T]A,SRR5642715
T1349C,T2903652C,G[T>C]T,SRR5642715
C1373A,C2951052A,A[C>A]C,SRR5642715
C1376T,C2958331T,C[C>T]G,SRR5642715
C1416T,C3048349T,C[C>T]G,SRR5642715
T1425C,T3063804C,A[T>C]A,SRR5642715
C1465G,C3132848G,A[C>G]C,SRR5642715
C1482T,C3166843T,G[C>T]G,SRR5642715
C1493T,C3189553T,G[C>T]G,SRR5642715
C1523T,C3242833T,G[C>T]T,SRR5642715
C1529T,C3257540T,G[C>T]C,SRR5642715
C1536T,C3287972T,G[C>T]C,SRR5642715
T1545C,T3310335C,A[T>C]C,SRR5642715
T1559G,T3341750G,G[T>G]C,SRR5642715
C1594T,C3430673T,C[C>T]A,SRR5642715
C1603T,C3455708T,C[C>T]A,SRR5642715
T1639C,T3528787C,C[T>C]G,SRR5642715
T1646A,T3547933A,T[T>A]G,SRR5642715
C1647T,C3547959T,C[C>T]G,SRR5642715
T1656C,T3561581C,C[T>C]G,SRR5642715
C1702T,C3645054T,G[C>T]G,SRR5642715
C1706A,C3656182A,G[C>A]C,SRR5642715
T1752C,T3772549C,G[T>C]T,SRR5642715
T1776A,T3805199A,G[T>A]G,SRR5642715
C1838T,C3939470T,G[C>T]A,SRR5642715
T1858C,T3980372C,G[T>C]G,SRR5642715
C1923T,C4111115T,A[C>T]G,SRR5642715
C1929T,C4123585T,G[C>T]G,SRR5642715
C1934G,C4132854G,C[C>G]T,SRR5642715
T1962C,T4192980C,G[T>C]G,SRR5642715
T1963C,T4193299C,G[T>C]C,SRR5642715
C2002T,C4254758T,G[C>T]A,SRR5642715
C2003T,C4254915T,C[C>T]G,SRR5642715
C2005T,C4263126T,T[C>T]C,SRR5642715
C2009T,C4270587T,T[C>T]G,SRR5642715
C2025T,C4278896T,G[C>T]T,SRR5642715
T77C,T203626C,G[T>C]G,NODE_0000013
C322T,C613872T,A[C>T]G,NODE_0000013
C1895G,C4056466G,C[C>G]C,NODE_0000013
C4T,C5245T,C[C>T]G,SRR2100577.1
C5T,C5248T,G[C>T]G,SRR2100577.1
C26T,C47302T,G[C>T]C,SRR2100577.1
T72C,T185144C,T[T>C]G,SRR2100577.1
C111A,C292442A,G[C>A]G,SRR2100577.1
C160T,C337618T,G[C>T]A,SRR2100577.1
C164G,C338973G,A[C>G]A,SRR2100577.1
C234T,C419480T,A[C>T]G,SRR2100577.1
T246C,T454928C,A[T>C]G,SRR2100577.1
C249T,C461660T,T[C>T]G,SRR2100577.1
C258T,C481566T,G[C>T]T,SRR2100577.1
C270G,C503009G,G[C>G]G,SRR2100577.1
C279T,C528223T,G[C>T]T,SRR2100577.1
C287A,C548459A,G[C>A]G,SRR2100577.1
C311T,C591082T,G[C>T]A,SRR2100577.1
C335T,C629482T,G[C>T]A,SRR2100577.1
C338G,C630597G,T[C>G]C,SRR2100577.1
T379C,T733759C,A[T>C]A,SRR2100577.1
C409T,C802796T,G[C>T]T,SRR2100577.1
C422T,C833013T,G[C>T]G,SRR2100577.1
C434T,C869529T,C[C>T]G,SRR2100577.1
T456C,T919782C,G[T>C]C,SRR2100577.1
C465A,C945918A,G[C>A]C,SRR2100577.1
C527T,C1136518T,C[C>T]C,SRR2100577.1
T551C,T1191312C,G[T>C]G,SRR2100577.1
T563A,T1220984A,C[T>A]C,SRR2100577.1
T585G,T1259253G,G[T>G]C,SRR2100577.1
C587A,C1261213A,T[C>A]G,SRR2100577.1
C593G,C1266253G,G[C>G]G,SRR2100577.1
C654G,C1413102G,C[C>G]A,SRR2100577.1
C672T,C1463667T,G[C>T]G,SRR2100577.1
C678A,C1477075A,G[C>A]A,SRR2100577.1
C699T,C1509640T,G[C>T]G,SRR2100577.1
C712T,C1536707T,A[C>T]G,SRR2100577.1
C717T,C1545498T,G[C>T]C,SRR2100577.1
T718C,T1551492C,T[T>C]G,SRR2100577.1
T722A,T1558030A,C[T>A]C,SRR2100577.1
C755T,C1659419T,A[C>T]G,SRR2100577.1
C765G,C1689313G,G[C>G]G,SRR2100577.1
T807C,T1779072C,A[T>C]C,SRR2100577.1
C821T,C1818429T,C[C>T]G,SRR2100577.1
C825T,C1826933T,A[C>T]A,SRR2100577.1
C868T,C1922187T,T[C>T]G,SRR2100577.1
C914T,C2018906T,G[C>T]G,SRR2100577.1
T925C,T2041593C,G[T>C]C,SRR2100577.1
T933C,T2061085C,T[T>C]G,SRR2100577.1
C946A,C2082211A,T[C>A]G,SRR2100577.1
C956A,C2096371A,A[C>A]A,SRR2100577.1
T1034C,T2235787C,T[T>C]C,SRR2100577.1
T1042C,T2256429C,G[T>C]G,SRR2100577.1
C1051T,C2279937T,C[C>T]C,SRR2100577.1
C1053G,C2283256G,A[C>G]C,SRR2100577.1
T1065C,T2301252C,T[T>C]T,SRR2100577.1
T1086C,T2342148C,G[T>C]A,SRR2100577.1
C1089T,C2349364T,G[C>T]T,SRR2100577.1
C1105T,C2378816T,G[C>T]T,SRR2100577.1
C1137T,C2434440T,C[C>T]C,SRR2100577.1
T1148C,T2465117C,A[T>C]C,SRR2100577.1
C1165T,C2506988T,G[C>T]A,SRR2100577.1
T1178A,T2524940A,A[T>A]T,SRR2100577.1
C1187G,C2551369G,G[C>G]A,SRR2100577.1
T1197C,T2577269C,T[T>C]C,SRR2100577.1
C1219T,C2642331T,G[C>T]T,SRR2100577.1
C1234T,C2681706T,G[C>T]T,SRR2100577.1
T1237C,T2682672C,G[T>C]C,SRR2100577.1
T1248G,T2699197G,G[T>G]G,SRR2100577.1
C1270T,C2744461T,C[C>T]G,SRR2100577.1
C1291G,C2771427G,G[C>G]G,SRR2100577.1
C1308T,C2792521T,G[C>T]G,SRR2100577.1
T1319C,T2815419C,C[T>C]C,SRR2100577.1
C1325T,C2843808T,T[C>T]C,SRR2100577.1
T1337C,T2880724C,G[T>C]C,SRR2100577.1
T1367C,T2937659C,G[T>C]C,SRR2100577.1
T1431C,T3082227C,T[T>C]C,SRR2100577.1
T1434A,T3088635A,A[T>A]A,SRR2100577.1
T1453A,T3117506A,T[T>A]C,SRR2100577.1
T1495G,T3197405G,G[T>G]C,SRR2100577.1
T1506C,T3217274C,C[T>C]A,SRR2100577.1
C1541G,C3302180G,T[C>G]T,SRR2100577.1
T1581C,T3397285C,G[T>C]G,SRR2100577.1
T1596C,T3432488C,G[T>C]T,SRR2100577.1
C1598G,C3441826G,C[C>G]C,SRR2100577.1
C1638A,C3525743A,G[C>A]C,SRR2100577.1
T1648A,T3548150A,A[T>A]A,SRR2100577.1
C1674T,C3595657T,G[C>T]A,SRR2100577.1
C1724T,C3703703T,G[C>T]T,SRR2100577.1
C1742T,C3749553T,G[C>T]G,SRR2100577.1
C1750A,C3762334A,G[C>A]C,SRR2100577.1
T1756G,T3779905G,G[T>G]C,SRR2100577.1
C1764T,C3787642T,C[C>T]A,SRR2100577.1
T1765C,T3787677C,G[T>C]T,SRR2100577.1
C1770T,C3790562T,T[C>T]C,SRR2100577.1
T1786C,T3816768C,G[T>C]G,SRR2100577.1
T1794C,T3834118C,T[T>C]A,SRR2100577.1
T1798C,T3849038C,G[T>C]C,SRR2100577.1
C1804T,C3865566T,C[C>T]G,SRR2100577.1
C1825T,C3906115T,G[C>T]G,SRR2100577.1
C1871T,C4011950T,G[C>T]G,SRR2100577.1
T1878C,T4023362C,G[T>C]T,SRR2100577.1
T1932C,T4129506C,T[T>C]C,SRR2100577.1
C1938A,C4155698A,G[C>A]G,SRR2100577.1
C1961G,C4192174G,C[C>G]G,SRR2100577.1
C1972T,C4203156T,C[C>T]C,SRR2100577.1
T1997C,T4241561C,T[T>C]C,SRR2100577.1
C2010T,C4271231T,G[C>T]G,SRR2100577.1
T2024G,T4278185G,G[T>G]C,SRR2100577.1
C12T,C15023T,C[C>T]T,SRR5642717
C20T,C34780T,A[C>T]C,SRR5642717
C38G,C77116G,G[C>G]C,SRR5642717
C45A,C94632A,G[C>A]C,SRR5642717
C55T,C124743T,C[C>T]A,SRR5642717
C61T,C143718T,G[C>T]A,SRR5642717
T114G,T294745G,A[T>G]G,SRR5642717
C134T,C315062T,C[C>T]C,SRR5642717
T174C,T341755C,C[T>C]G,SRR5642717
C199G,C366491G,T[C>G]G,SRR5642717
C202T,C369211T,G[C>T]A,SRR5642717
T223G,T398993G,G[T>G]C,SRR5642717
C238T,C432179T,G[C>T]C,SRR5642717
C253T,C467894T,G[C>T]C,SRR5642717
C269T,C501875T,C[C>T]G,SRR5642717
C275T,C516466T,T[C>T]T,SRR5642717
T321G,T612900G,C[T>G]C,SRR5642717
T390G,T759194G,G[T>G]C,SRR5642717
C394G,C768963G,G[C>G]A,SRR5642717
C415T,C817773T,C[C>T]A,SRR5642717
C436T,C876331T,T[C>T]G,SRR5642717
C443T,C894161T,G[C>T]G,SRR5642717
C460A,C929612A,G[C>A]C,SRR5642717
T476C,T983025C,G[T>C]G,SRR5642717
T479C,T989196C,G[T>C]T,SRR5642717
T553A,T1195746A,T[T>A]T,SRR5642717
T555G,T1202424G,C[T>G]T,SRR5642717
T696C,T1499942C,C[T>C]C,SRR5642717
C748T,C1632339T,A[C>T]C,SRR5642717
T749C,T1634200C,G[T>C]A,SRR5642717
C761A,C1679071A,T[C>A]C,SRR5642717
C790T,C1738973T,T[C>T]G,SRR5642717
T820C,T1816164C,T[T>C]G,SRR5642717
C866G,C1920951G,C[C>G]T,SRR5642717
C938T,C2065444T,C[C>T]A,SRR5642717
T996G,T2168890G,G[T>G]C,SRR5642717
T1002G,T2174727G,G[T>G]C,SRR5642717
C1024A,C2211079A,T[C>A]T,SRR5642717
C1108T,C2385660T,C[C>T]A,SRR5642717
T1142C,T2454333C,A[T>C]G,SRR5642717
C1152G,C2474667G,C[C>G]T,SRR5642717
C1176A,C2523624A,C[C>A]G,SRR5642717
C1213A,C2630369A,A[C>A]C,SRR5642717
T1216C,T2635396C,G[T>C]G,SRR5642717
C1250A,C2700673A,T[C>A]G,SRR5642717
C1299T,C2786207T,G[C>T]C,SRR5642717
C1312T,C2802368T,G[C>T]C,SRR5642717
C1362G,C2925505G,C[C>G]A,SRR5642717
C1417T,C3053918T,G[C>T]G,SRR5642717
C1455G,C3121259G,C[C>G]A,SRR5642717
C1490T,C3180384T,G[C>T]A,SRR5642717
T1502C,T3212195C,G[T>C]C,SRR5642717
C1515T,C3228263T,T[C>T]G,SRR5642717
T1527C,T3253484C,A[T>C]G,SRR5642717
C1544G,C3308462G,C[C>G]G,SRR5642717
T1554C,T3327116C,G[T>C]T,SRR5642717
C1565T,C3355537T,A[C>T]A,SRR5642717
T1576C,T3381651C,C[T>C]G,SRR5642717
T1635C,T3522801C,G[T>C]C,SRR5642717
T1636C,T3523083C,G[T>C]G,SRR5642717
C1651A,C3552668A,A[C>A]G,SRR5642717
C1719T,C3694142T,C[C>T]C,SRR5642717
T1735C,T3739065C,G[T>C]G,SRR5642717
C1744T,C3752860T,A[C>T]T,SRR5642717
C1746T,C3753733T,G[C>T]C,SRR5642717
T1808C,T3877691C,A[T>C]C,SRR5642717
T1815C,T3891666C,G[T>C]C,SRR5642717
C1830T,C3913941T,C[C>T]G,SRR5642717
C1831T,C3914487T,C[C>T]A,SRR5642717
C1837G,C3939208G,T[C>G]G,SRR5642717
C1900T,C4069771T,C[C>T]G,SRR5642717
C1914A,C4096840A,C[C>A]C,SRR5642717
T1916C,T4096888C,A[T>C]G,SRR5642717
T1981C,T4223056C,G[T>C]T,SRR5642717
C41T,C88056T,G[C>T]G,ERR2659156
C42T,C89818T,G[C>T]G,ERR2659156
C86T,C220909T,C[C>T]G,ERR2659156
C116T,C297479T,C[C>T]C,ERR2659156
C123G,C306305G,G[C>G]C,ERR2659156
C157T,C336162T,T[C>T]C,ERR2659156
C180T,C343258T,A[C>T]A,ERR2659156
C215T,C384962T,G[C>T]G,ERR2659156
T216G,T385245G,G[T>G]C,ERR2659156
C268T,C499092T,T[C>T]A,ERR2659156
T368C,T705699C,G[T>C]C,ERR2659156
C378T,C733118T,G[C>T]G,ERR2659156
C380T,C736970T,G[C>T]G,ERR2659156
T389G,T757014G,G[T>G]G,ERR2659156
C396T,C775148T,G[C>T]G,ERR2659156
C423T,C843770T,G[C>T]T,ERR2659156
C445T,C898994T,C[C>T]G,ERR2659156
C481T,C990765T,G[C>T]T,ERR2659156
T505A,T1052126A,C[T>A]C,ERR2659156
C532T,C1139810T,A[C>T]A,ERR2659156
T541G,T1168270G,C[T>G]G,ERR2659156
C600T,C1279336T,G[C>T]A,ERR2659156
C668T,C1455518T,T[C>T]A,ERR2659156
C689T,C1492989T,C[C>T]G,ERR2659156
C707T,C1525509T,T[C>T]T,ERR2659156
C709T,C1528784T,G[C>T]G,ERR2659156
T742C,T1619881C,G[T>C]C,ERR2659156
C751T,C1639862T,A[C>T]G,ERR2659156
C771T,C1703147T,G[C>T]G,ERR2659156
C827T,C1830546T,G[C>T]G,ERR2659156
C835T,C1843805T,C[C>T]G,ERR2659156
C837T,C1852270T,C[C>T]G,ERR2659156
T884G,T1946172G,C[T>G]C,ERR2659156
C924G,C2037319G,A[C>G]A,ERR2659156
T937C,T2065308C,A[T>C]A,ERR2659156
T945G,T2078054G,G[T>G]C,ERR2659156
C987T,C2146107T,G[C>T]T,ERR2659156
T992C,T2164742C,C[T>C]C,ERR2659156
C999A,C2171942A,G[C>A]T,ERR2659156
C1029T,C2223525T,A[C>T]C,ERR2659156
C1068T,C2308163T,G[C>T]G,ERR2659156
T1100C,T2368063C,G[T>C]T,ERR2659156
C1141G,C2450333G,T[C>G]G,ERR2659156
C1193T,C2565208T,T[C>T]C,ERR2659156
C1225T,C2659607T,G[C>T]C,ERR2659156
T1231C,T2677793C,G[T>C]C,ERR2659156
C1292T,C2771809T,G[C>T]T,ERR2659156
T1305C,T2791465C,G[T>C]G,ERR2659156
C1339T,C2883323T,T[C>T]G,ERR2659156
T1350C,T2907841C,G[T>C]T,ERR2659156
C1386T,C2973715T,G[C>T]C,ERR2659156
T1391G,T2989921G,T[T>G]C,ERR2659156
C1396G,C3011748G,C[C>G]G,ERR2659156
T1442C,T3109830C,G[T>C]G,ERR2659156
C1533T,C3273869T,A[C>T]G,ERR2659156
C1540T,C3300889T,C[C>T]A,ERR2659156
C1571T,C3368564T,T[C>T]C,ERR2659156
T1588A,T3410729A,C[T>A]C,ERR2659156
C1590T,C3415260T,A[C>T]C,ERR2659156
C1658T,C3566028T,A[C>T]G,ERR2659156
C1662T,C3570669T,A[C>T]C,ERR2659156
C1697G,C3639924G,G[C>G]T,ERR2659156
C1718T,C3691160T,G[C>T]C,ERR2659156
T1751C,T3766564C,G[T>C]A,ERR2659156
C1800T,C3862071T,G[C>T]G,ERR2659156
C1822T,C3901848T,A[C>T]A,ERR2659156
T1823C,T3902700C,G[T>C]C,ERR2659156
C1840A,C3940928A,G[C>A]A,ERR2659156
C1846T,C3945387T,C[C>T]G,ERR2659156
C1860T,C3981064T,G[C>T]G,ERR2659156
T1861C,T3982887C,G[T>C]G,ERR2659156
T1901C,T4077277C,T[T>C]C,ERR2659156
C1906T,C4084114T,C[C>T]G,ERR2659156
C1933A,C4132617A,G[C>A]C,ERR2659156
C2035G,C4294407G,A[C>G]C,ERR2659156
C31G,C59887G,C[C>G]G,ERR2659155
C50G,C101366G,C[C>G]T,ERR2659155
T51C,T102745C,G[T>C]A,ERR2659155
T79G,T209015G,C[T>G]C,ERR2659155
T107C,T273657C,G[T>C]C,ERR2659155
C121T,C305697T,T[C>T]C,ERR2659155
C166T,C339598T,A[C>T]G,ERR2659155
C196T,C364118T,G[C>T]G,ERR2659155
C217T,C388172T,C[C>T]G,ERR2659155
C237T,C428843T,C[C>T]T,ERR2659155
T284C,T542639C,G[T>C]C,ERR2659155
C293T,C555829T,G[C>T]G,ERR2659155
T304C,T580641C,G[T>C]C,ERR2659155
T305C,T580657C,T[T>C]G,ERR2659155
T315C,T603603C,C[T>C]G,ERR2659155
C325T,C616443T,G[C>T]G,ERR2659155
T384G,T743685G,C[T>G]T,ERR2659155
C433A,C869109A,T[C>A]G,ERR2659155
T435C,T873960C,G[T>C]G,ERR2659155
C446G,C900635G,G[C>G]A,ERR2659155
C449T,C903056T,C[C>T]A,ERR2659155
C530T,C1137936T,T[C>T]G,ERR2659155
C548T,C1188307T,C[C>T]A,ERR2659155
T578C,T1246567C,A[T>C]G,ERR2659155
C601T,C1281579T,T[C>T]T,ERR2659155
T622C,T1318885C,T[T>C]G,ERR2659155
C663G,C1451899G,G[C>G]C,ERR2659155
C695G,C1498046G,A[C>G]G,ERR2659155
T716G,T1545201G,G[T>G]G,ERR2659155
C760T,C1670737T,C[C>T]A,ERR2659155
C784T,C1733194T,T[C>T]A,ERR2659155
C792A,C1744902A,T[C>A]A,ERR2659155
C819G,C1810313G,C[C>G]C,ERR2659155
C830T,C1836761T,C[C>T]A,ERR2659155
C835T,C1843805T,C[C>T]G,ERR2659155
C840T,C1862967T,C[C>T]G,ERR2659155
C850T,C1890289T,C[C>T]G,ERR2659155
T861G,T1916536G,T[T>G]G,ERR2659155
T875G,T1935484G,G[T>G]T,ERR2659155
C889G,C1954183G,G[C>G]C,ERR2659155
C909G,C1994819G,G[C>G]G,ERR2659155
T932C,T2059112C,C[T>C]G,ERR2659155
C997T,C2170207T,C[C>T]C,ERR2659155
C1094T,C2363386T,G[C>T]C,ERR2659155
T1117C,T2398418C,G[T>C]G,ERR2659155
C1125T,C2416353T,T[C>T]C,ERR2659155
T1131C,T2430263C,G[T>C]G,ERR2659155
C1154T,C2478590T,C[C>T]A,ERR2659155
C1182T,C2528827T,C[C>T]G,ERR2659155
C1217T,C2636132T,G[C>T]A,ERR2659155
T1220C,T2642530C,G[T>C]T,ERR2659155
T1307C,T2792074C,T[T>C]G,ERR2659155
C1336T,C2880399T,C[C>T]C,ERR2659155
T1354C,T2908932C,G[T>C]G,ERR2659155
C1406A,C3034980A,T[C>A]G,ERR2659155
C1427A,C3075240A,G[C>A]T,ERR2659155
T1488G,T3178787G,C[T>G]G,ERR2659155
T1534C,T3280396C,C[T>C]C,ERR2659155
C1548T,C3313461T,G[C>T]A,ERR2659155
C1552G,C3321637G,A[C>G]C,ERR2659155
C1570G,C3368152G,C[C>G]G,ERR2659155
C1589G,C3413440G,A[C>G]G,ERR2659155
T1595C,T3431766C,G[T>C]A,ERR2659155
C1604T,C3456395T,T[C>T]G,ERR2659155
C1607T,C3460972T,T[C>T]G,ERR2659155
C1664T,C3575726T,T[C>T]G,ERR2659155
C1667T,C3585559T,G[C>T]C,ERR2659155
C1690A,C3622314A,G[C>A]A,ERR2659155
T1700C,T3643278C,C[T>C]G,ERR2659155
T1753C,T3773870C,G[T>C]T,ERR2659155
C1796G,C3845268G,A[C>G]C,ERR2659155
T1805C,T3867123C,G[T>C]A,ERR2659155
C1821T,C3900655T,G[C>T]C,ERR2659155
C1885T,C4035155T,G[C>T]T,ERR2659155
T1905C,T4081013C,T[T>C]C,ERR2659155
T1925C,T4119284C,G[T>C]C,ERR2659155
C1955A,C4183482A,G[C>A]G,ERR2659155
C1964A,C4196191A,A[C>A]C,ERR2659155
C1984T,C4227048T,C[C>T]A,ERR2659155
C1986T,C4231850T,A[C>T]G,ERR2659155
C2034T,C4291964T,G[C>T]G,ERR2659155
